candidate_cmd_id,type_name,status,source,proto_shape,name_translation,reason,rejection_or_limit
1776,CPKAHGFBBIH,historical-only,Genshin 7.0 mapping,"single int32 retcode field 6",UnlockTransPointRsp,Historical UnlockTransPointRsp CmdId,"CmdIds and obfuscated type names are remapped between releases; no 7.1 identity evidence"
,,unresolved,AstaPS play/rino,,,7.1 response mapping still unknown,Requires current-client direction/handler/GetCmdId evidence
27223,AFCBOFFNNFO,structural-candidate,Genshin 7.1 Obfuscated.proto,"single int32 BLPJNJBFDJJ field 6",none,Exact historical response wire-shape match,"Direction and semantics unresolved"
7573,ANJANPPOELM,structural-candidate,Genshin 7.1 Obfuscated.proto,"single int32 BLPJNJBFDJJ field 6",none,Exact historical response wire-shape match,"Direction and semantics unresolved"
20031,FAFBCLFFAPM,structural-candidate,Genshin 7.1 Obfuscated.proto,"single int32 BLPJNJBFDJJ field 6",none,Exact historical response wire-shape match,"Direction and semantics unresolved"
24232,DFINKIOMOIP,structural-candidate,Genshin 7.1 Obfuscated.proto,"single int32 BLPJNJBFDJJ field 6",none,Exact historical response wire-shape match,"Direction and semantics unresolved"
7104,CPLELCNGMNN,structural-candidate,Genshin 7.1 Obfuscated.proto,"single int32 BLPJNJBFDJJ field 6",none,Exact historical response wire-shape match,"Direction and semantics unresolved"
28577,PPCIJGDOLCA,structural-candidate,Genshin 7.1 Obfuscated.proto,"single int32 BLPJNJBFDJJ field 6",none,Exact historical response wire-shape match,"Direction and semantics unresolved"
26585,FKJHBGCMOCA,structural-candidate,Genshin 7.1 Obfuscated.proto,"single int32 BLPJNJBFDJJ field 6",none,Exact historical response wire-shape match,"Direction and semantics unresolved"
6512,GEBLLIFJODE,structural-candidate,Genshin 7.1 Obfuscated.proto,"single int32 BLPJNJBFDJJ field 6",none,Exact historical response wire-shape match,"Direction and semantics unresolved"
4998,IBCFEKKAKGL,structural-candidate,Genshin 7.1 Obfuscated.proto,"single int32 BLPJNJBFDJJ field 6",none,Exact historical response wire-shape match,"Direction and semantics unresolved"
7965,KIEPFKPJFIH,structural-candidate,Genshin 7.1 Obfuscated.proto,"single int32 BLPJNJBFDJJ field 6",none,Exact historical response wire-shape match,"Direction and semantics unresolved"
24399,NFDNOEEDMMD,structural-candidate,Genshin 7.1 Obfuscated.proto,"single int32 BLPJNJBFDJJ field 6",none,Exact historical response wire-shape match,"Direction and semantics unresolved"
23879,PFHOACMDCAC,structural-candidate,Genshin 7.1 Obfuscated.proto,"single int32 BLPJNJBFDJJ field 6",none,Exact historical response wire-shape match,"Direction and semantics unresolved"
21414,AGPKPEPBMDF,structural-candidate,Genshin 7.1 Obfuscated.proto,"single int32 BLPJNJBFDJJ field 6",none,Exact historical response wire-shape match,"Direction and semantics unresolved"
4273,FENEJHBFCPM,structural-candidate,Genshin 7.1 Obfuscated.proto,"single int32 BLPJNJBFDJJ field 6",none,Exact historical response wire-shape match,"Direction and semantics unresolved"
26516,FMDPKDMJDHN,structural-candidate,Genshin 7.1 Obfuscated.proto,"single int32 BLPJNJBFDJJ field 6",none,Exact historical response wire-shape match,"Direction and semantics unresolved"
520,EGFJBKABBLG,structural-candidate,Genshin 7.1 Obfuscated.proto,"single int32 BLPJNJBFDJJ field 6",none,Exact historical response wire-shape match,"Direction and semantics unresolved"
910,GCEDCPDLHAJ,structural-candidate,Genshin 7.1 Obfuscated.proto,"single int32 BLPJNJBFDJJ field 6",none,Exact historical response wire-shape match,"Direction and semantics unresolved"
7288,BHOEGLPBOND,structural-candidate,Genshin 7.1 Obfuscated.proto,"single int32 BLPJNJBFDJJ field 6",none,Exact historical response wire-shape match,"Direction and semantics unresolved"
20839,HOPMNACDMGK,structural-candidate,Genshin 7.1 Obfuscated.proto,"single int32 BLPJNJBFDJJ field 6",none,Exact historical response wire-shape match,"Direction and semantics unresolved"
3145,GIAFOINLADM,structural-candidate,Genshin 7.1 Obfuscated.proto,"single int32 BLPJNJBFDJJ field 6",none,Exact historical response wire-shape match,"Direction and semantics unresolved"
6041,FDNGIPGPMPG,structural-candidate,Genshin 7.1 Obfuscated.proto,"single int32 BLPJNJBFDJJ field 6",none,Exact historical response wire-shape match,"Direction and semantics unresolved"
2666,BGOLBGMDHCJ,structural-candidate,Genshin 7.1 Obfuscated.proto,"single int32 BLPJNJBFDJJ field 6",none,Exact historical response wire-shape match,"Direction and semantics unresolved"
5682,PJBGKKBIKNG,structural-candidate,Genshin 7.1 Obfuscated.proto,"single int32 BLPJNJBFDJJ field 6",none,Exact historical response wire-shape match,"Direction and semantics unresolved"
23239,PMHNELHJPHM,structural-candidate,Genshin 7.1 Obfuscated.proto,"single int32 BLPJNJBFDJJ field 6",none,Exact historical response wire-shape match,"Direction and semantics unresolved"
127,BICKKHGFDMB,structural-candidate,Genshin 7.1 Obfuscated.proto,"single int32 BLPJNJBFDJJ field 6",none,Exact historical response wire-shape match,"Direction and semantics unresolved"
27961,APKCFGKNPGF,structural-candidate,Genshin 7.1 Obfuscated.proto,"single int32 BLPJNJBFDJJ field 6",none,Exact historical response wire-shape match,"Direction and semantics unresolved"
23375,GOFAALHHCFM,structural-candidate,Genshin 7.1 Obfuscated.proto,"single int32 BLPJNJBFDJJ field 6",none,Exact historical response wire-shape match,"Direction and semantics unresolved"
27596,JPINCFMKIEM,structural-candidate,Genshin 7.1 Obfuscated.proto,"single int32 BLPJNJBFDJJ field 6",none,Exact historical response wire-shape match,"Direction and semantics unresolved"
