cmd_id,type_name,semantic_name,status,evidence,notes
127,BICKKHGFDMB,,CANDIDATE,"7.1 Obfuscated.proto: sole field int32 BLPJNJBFDJJ(retcode)=6","await direction/handler evidence"
520,EGFJBKABBLG,,CANDIDATE,"7.1 Obfuscated.proto: sole field int32 BLPJNJBFDJJ(retcode)=6","await direction/handler evidence"
910,GCEDCPDLHAJ,,CANDIDATE,"7.1 Obfuscated.proto: sole field int32 BLPJNJBFDJJ(retcode)=6","await direction/handler evidence"
2666,BGOLBGMDHCJ,,CANDIDATE,"7.1 Obfuscated.proto: sole field int32 BLPJNJBFDJJ(retcode)=6","await direction/handler evidence"
3145,GIAFOINLADM,,CANDIDATE,"7.1 Obfuscated.proto: sole field int32 BLPJNJBFDJJ(retcode)=6","await direction/handler evidence"
3669,GAGNEFAJHBM,,CANDIDATE,"7.1 Obfuscated.proto: sole field int32 BLPJNJBFDJJ(retcode)=6","await direction/handler evidence"
3876,OJLJJDHPKMM,,CANDIDATE,"7.1 Obfuscated.proto: sole field int32 BLPJNJBFDJJ(retcode)=6","await direction/handler evidence"
4273,FENEJHBFCPM,,CANDIDATE,"7.1 Obfuscated.proto: sole field int32 BLPJNJBFDJJ(retcode)=6","await direction/handler evidence"
4998,IBCFEKKAKGL,,CANDIDATE,"7.1 Obfuscated.proto: sole field int32 BLPJNJBFDJJ(retcode)=6","await direction/handler evidence"
5252,FOCPHCFJJAL,,CANDIDATE,"7.1 Obfuscated.proto: sole field int32 BLPJNJBFDJJ(retcode)=6","await direction/handler evidence"
5682,PJBGKKBIKNG,,CANDIDATE,"7.1 Obfuscated.proto: sole field int32 BLPJNJBFDJJ(retcode)=6","await direction/handler evidence"
6041,FDNGIPGPMPG,,CANDIDATE,"7.1 Obfuscated.proto: sole field int32 BLPJNJBFDJJ(retcode)=6","await direction/handler evidence"
6512,GEBLLIFJODE,,CANDIDATE,"7.1 Obfuscated.proto: sole field int32 BLPJNJBFDJJ(retcode)=6","await direction/handler evidence"
7104,CPLELCNGMNN,,CANDIDATE,"7.1 Obfuscated.proto: sole field int32 BLPJNJBFDJJ(retcode)=6","await direction/handler evidence"
7288,BHOEGLPBOND,,CANDIDATE,"7.1 Obfuscated.proto: sole field int32 BLPJNJBFDJJ(retcode)=6","await direction/handler evidence"
7573,ANJANPPOELM,,CANDIDATE,"7.1 Obfuscated.proto: sole field int32 BLPJNJBFDJJ(retcode)=6","await direction/handler evidence"
7965,KIEPFKPJFIH,,CANDIDATE,"7.1 Obfuscated.proto: sole field int32 BLPJNJBFDJJ(retcode)=6","await direction/handler evidence"
20031,FAFBCLFFAPM,,CANDIDATE,"7.1 Obfuscated.proto: sole field int32 BLPJNJBFDJJ(retcode)=6","await direction/handler evidence"
20290,MAFFAFNMEBM,,CANDIDATE,"7.1 Obfuscated.proto: sole field int32 BLPJNJBFDJJ(retcode)=6","await direction/handler evidence"
20839,HOPMNACDMGK,,CANDIDATE,"7.1 Obfuscated.proto: sole field int32 BLPJNJBFDJJ(retcode)=6","await direction/handler evidence"
21414,AGPKPEPBMDF,,CANDIDATE,"7.1 Obfuscated.proto: sole field int32 BLPJNJBFDJJ(retcode)=6","await direction/handler evidence"
22855,DMEDFOHCKNN,,CANDIDATE,"7.1 Obfuscated.proto: sole field int32 BLPJNJBFDJJ(retcode)=6","await direction/handler evidence"
23239,PMHNELHJPHM,,CANDIDATE,"7.1 Obfuscated.proto: sole field int32 BLPJNJBFDJJ(retcode)=6","await direction/handler evidence"
23375,GOFAALHHCFM,,CANDIDATE,"7.1 Obfuscated.proto: sole field int32 BLPJNJBFDJJ(retcode)=6","await direction/handler evidence"
23489,HLIOANKKELL,,CANDIDATE,"7.1 Obfuscated.proto: sole field int32 BLPJNJBFDJJ(retcode)=6","await direction/handler evidence"
23879,PFHOACMDCAC,,CANDIDATE,"7.1 Obfuscated.proto: sole field int32 BLPJNJBFDJJ(retcode)=6","await direction/handler evidence"
24114,OAPKBGOEJMC,,CANDIDATE,"7.1 Obfuscated.proto: sole field int32 BLPJNJBFDJJ(retcode)=6","await direction/handler evidence"
24232,DFINKIOMOIP,,CANDIDATE,"7.1 Obfuscated.proto: sole field int32 BLPJNJBFDJJ(retcode)=6","await direction/handler evidence"
24399,NFDNOEEDMMD,,CANDIDATE,"7.1 Obfuscated.proto: sole field int32 BLPJNJBFDJJ(retcode)=6","await direction/handler evidence"
25863,PANHBGMPCEC,,CANDIDATE,"7.1 Obfuscated.proto: sole field int32 BLPJNJBFDJJ(retcode)=6","await direction/handler evidence"
26436,PNJLMGDAHEE,,CANDIDATE,"7.1 Obfuscated.proto: sole field int32 BLPJNJBFDJJ(retcode)=6","await direction/handler evidence"
26516,FMDPKDMJDHN,,CANDIDATE,"7.1 Obfuscated.proto: sole field int32 BLPJNJBFDJJ(retcode)=6","await direction/handler evidence"
26585,FKJHBGCMOCA,,CANDIDATE,"7.1 Obfuscated.proto: sole field int32 BLPJNJBFDJJ(retcode)=6","await direction/handler evidence"
26944,FMHCPLFLLBF,,CANDIDATE,"7.1 Obfuscated.proto: sole field int32 BLPJNJBFDJJ(retcode)=6","await direction/handler evidence"
27223,AFCBOFFNNFO,,CANDIDATE,"7.1 Obfuscated.proto: sole field int32 BLPJNJBFDJJ(retcode)=6","await direction/handler evidence"
27596,JPINCFMKIEM,,CANDIDATE,"7.1 Obfuscated.proto: sole field int32 BLPJNJBFDJJ(retcode)=6","await direction/handler evidence"
27961,APKCFGKNPGF,,CANDIDATE,"7.1 Obfuscated.proto: sole field int32 BLPJNJBFDJJ(retcode)=6","await direction/handler evidence"
28577,PPCIJGDOLCA,,CANDIDATE,"7.1 Obfuscated.proto: sole field int32 BLPJNJBFDJJ(retcode)=6","await direction/handler evidence"
28763,MKAENDKCFJM,,CANDIDATE,"7.1 Obfuscated.proto: sole field int32 BLPJNJBFDJJ(retcode)=6","await direction/handler evidence"
36641,NCBEHBOCBJJ,,CANDIDATE,"7.1 Obfuscated.proto: sole field int32 BLPJNJBFDJJ(retcode)=6","await direction/handler evidence"
