depot_id,prop_type,roll_entry_count,per_entry_weight,class_weight_sum,per_entry_upgrade_weight,evidence_status,restoration_commit
501,FIGHT_PROP_HP,4,150,600,1000,HISTORICAL_RESTORATION,55198e8f03903d37b8afce51efef1e2ed1fc540c
501,FIGHT_PROP_HP_PERCENT,4,100,400,1000,HISTORICAL_RESTORATION,55198e8f03903d37b8afce51efef1e2ed1fc540c
501,FIGHT_PROP_ATTACK,4,150,600,1000,HISTORICAL_RESTORATION,55198e8f03903d37b8afce51efef1e2ed1fc540c
501,FIGHT_PROP_ATTACK_PERCENT,4,100,400,1000,HISTORICAL_RESTORATION,55198e8f03903d37b8afce51efef1e2ed1fc540c
501,FIGHT_PROP_DEFENSE,4,150,600,1000,HISTORICAL_RESTORATION,55198e8f03903d37b8afce51efef1e2ed1fc540c
501,FIGHT_PROP_DEFENSE_PERCENT,4,100,400,1000,HISTORICAL_RESTORATION,55198e8f03903d37b8afce51efef1e2ed1fc540c
501,FIGHT_PROP_CRITICAL,4,75,300,1000,HISTORICAL_RESTORATION,55198e8f03903d37b8afce51efef1e2ed1fc540c
501,FIGHT_PROP_CRITICAL_HURT,4,75,300,1000,HISTORICAL_RESTORATION,55198e8f03903d37b8afce51efef1e2ed1fc540c
501,FIGHT_PROP_CHARGE_EFFICIENCY,4,100,400,1000,HISTORICAL_RESTORATION,55198e8f03903d37b8afce51efef1e2ed1fc540c
501,FIGHT_PROP_ELEMENT_MASTERY,4,100,400,1000,HISTORICAL_RESTORATION,55198e8f03903d37b8afce51efef1e2ed1fc540c
