depot_id,slot,row_id,prop_type,restored_weight,evidence_status,restoration_commit
1000,sands,10001,FIGHT_PROP_HP,0,HISTORICAL_CONTINUITY_CANDIDATE,3278aeebca3c3c11139db3ab8fcc4b04a9c883d0
1000,sands,10002,FIGHT_PROP_HP_PERCENT,1334,HISTORICAL_CONTINUITY_CANDIDATE,3278aeebca3c3c11139db3ab8fcc4b04a9c883d0
1000,sands,10003,FIGHT_PROP_ATTACK,0,HISTORICAL_CONTINUITY_CANDIDATE,3278aeebca3c3c11139db3ab8fcc4b04a9c883d0
1000,sands,10004,FIGHT_PROP_ATTACK_PERCENT,1333,HISTORICAL_CONTINUITY_CANDIDATE,3278aeebca3c3c11139db3ab8fcc4b04a9c883d0
1000,sands,10005,FIGHT_PROP_DEFENSE,0,HISTORICAL_CONTINUITY_CANDIDATE,3278aeebca3c3c11139db3ab8fcc4b04a9c883d0
1000,sands,10006,FIGHT_PROP_DEFENSE_PERCENT,1333,HISTORICAL_CONTINUITY_CANDIDATE,3278aeebca3c3c11139db3ab8fcc4b04a9c883d0
1000,sands,10007,FIGHT_PROP_CHARGE_EFFICIENCY,500,HISTORICAL_CONTINUITY_CANDIDATE,3278aeebca3c3c11139db3ab8fcc4b04a9c883d0
1000,sands,10008,FIGHT_PROP_ELEMENT_MASTERY,500,HISTORICAL_CONTINUITY_CANDIDATE,3278aeebca3c3c11139db3ab8fcc4b04a9c883d0
1000,sands,10009,FIGHT_PROP_FIRE_SUB_HURT,0,HISTORICAL_CONTINUITY_CANDIDATE,3278aeebca3c3c11139db3ab8fcc4b04a9c883d0
1000,sands,10010,FIGHT_PROP_ELEC_SUB_HURT,0,HISTORICAL_CONTINUITY_CANDIDATE,3278aeebca3c3c11139db3ab8fcc4b04a9c883d0
1000,sands,10011,FIGHT_PROP_ICE_SUB_HURT,0,HISTORICAL_CONTINUITY_CANDIDATE,3278aeebca3c3c11139db3ab8fcc4b04a9c883d0
1000,sands,10012,FIGHT_PROP_WATER_SUB_HURT,0,HISTORICAL_CONTINUITY_CANDIDATE,3278aeebca3c3c11139db3ab8fcc4b04a9c883d0
1000,sands,10013,FIGHT_PROP_WIND_SUB_HURT,0,HISTORICAL_CONTINUITY_CANDIDATE,3278aeebca3c3c11139db3ab8fcc4b04a9c883d0
1000,sands,10014,FIGHT_PROP_ROCK_SUB_HURT,0,HISTORICAL_CONTINUITY_CANDIDATE,3278aeebca3c3c11139db3ab8fcc4b04a9c883d0
1000,sands,10015,FIGHT_PROP_GRASS_SUB_HURT,0,HISTORICAL_CONTINUITY_CANDIDATE,3278aeebca3c3c11139db3ab8fcc4b04a9c883d0
2000,plume,12001,FIGHT_PROP_ATTACK,999,HISTORICAL_CONTINUITY_CANDIDATE,3278aeebca3c3c11139db3ab8fcc4b04a9c883d0
3000,circlet,13001,FIGHT_PROP_HP,0,HISTORICAL_CONTINUITY_CANDIDATE,3278aeebca3c3c11139db3ab8fcc4b04a9c883d0
3000,circlet,13002,FIGHT_PROP_HP_PERCENT,1100,HISTORICAL_CONTINUITY_CANDIDATE,3278aeebca3c3c11139db3ab8fcc4b04a9c883d0
3000,circlet,13003,FIGHT_PROP_ATTACK,0,HISTORICAL_CONTINUITY_CANDIDATE,3278aeebca3c3c11139db3ab8fcc4b04a9c883d0
3000,circlet,13004,FIGHT_PROP_ATTACK_PERCENT,1100,HISTORICAL_CONTINUITY_CANDIDATE,3278aeebca3c3c11139db3ab8fcc4b04a9c883d0
3000,circlet,13005,FIGHT_PROP_DEFENSE,0,HISTORICAL_CONTINUITY_CANDIDATE,3278aeebca3c3c11139db3ab8fcc4b04a9c883d0
3000,circlet,13006,FIGHT_PROP_DEFENSE_PERCENT,1100,HISTORICAL_CONTINUITY_CANDIDATE,3278aeebca3c3c11139db3ab8fcc4b04a9c883d0
3000,circlet,13007,FIGHT_PROP_CRITICAL,500,HISTORICAL_CONTINUITY_CANDIDATE,3278aeebca3c3c11139db3ab8fcc4b04a9c883d0
3000,circlet,13008,FIGHT_PROP_CRITICAL_HURT,500,HISTORICAL_CONTINUITY_CANDIDATE,3278aeebca3c3c11139db3ab8fcc4b04a9c883d0
3000,circlet,13009,FIGHT_PROP_HEAL_ADD,500,HISTORICAL_CONTINUITY_CANDIDATE,3278aeebca3c3c11139db3ab8fcc4b04a9c883d0
3000,circlet,13010,FIGHT_PROP_ELEMENT_MASTERY,200,HISTORICAL_CONTINUITY_CANDIDATE,3278aeebca3c3c11139db3ab8fcc4b04a9c883d0
4000,flower,14001,FIGHT_PROP_HP,999,HISTORICAL_CONTINUITY_CANDIDATE,3278aeebca3c3c11139db3ab8fcc4b04a9c883d0
5000,goblet,15001,FIGHT_PROP_HP,0,HISTORICAL_CONTINUITY_CANDIDATE,3278aeebca3c3c11139db3ab8fcc4b04a9c883d0
5000,goblet,15002,FIGHT_PROP_HP_PERCENT,770,HISTORICAL_CONTINUITY_CANDIDATE,3278aeebca3c3c11139db3ab8fcc4b04a9c883d0
5000,goblet,15003,FIGHT_PROP_ATTACK,0,HISTORICAL_CONTINUITY_CANDIDATE,3278aeebca3c3c11139db3ab8fcc4b04a9c883d0
5000,goblet,15004,FIGHT_PROP_ATTACK_PERCENT,770,HISTORICAL_CONTINUITY_CANDIDATE,3278aeebca3c3c11139db3ab8fcc4b04a9c883d0
5000,goblet,15005,FIGHT_PROP_DEFENSE,0,HISTORICAL_CONTINUITY_CANDIDATE,3278aeebca3c3c11139db3ab8fcc4b04a9c883d0
5000,goblet,15006,FIGHT_PROP_DEFENSE_PERCENT,760,HISTORICAL_CONTINUITY_CANDIDATE,3278aeebca3c3c11139db3ab8fcc4b04a9c883d0
5000,goblet,15007,FIGHT_PROP_ELEMENT_MASTERY,100,HISTORICAL_CONTINUITY_CANDIDATE,3278aeebca3c3c11139db3ab8fcc4b04a9c883d0
5000,goblet,15008,FIGHT_PROP_FIRE_ADD_HURT,200,HISTORICAL_CONTINUITY_CANDIDATE,3278aeebca3c3c11139db3ab8fcc4b04a9c883d0
5000,goblet,15009,FIGHT_PROP_ELEC_ADD_HURT,200,HISTORICAL_CONTINUITY_CANDIDATE,3278aeebca3c3c11139db3ab8fcc4b04a9c883d0
5000,goblet,15010,FIGHT_PROP_ICE_ADD_HURT,200,HISTORICAL_CONTINUITY_CANDIDATE,3278aeebca3c3c11139db3ab8fcc4b04a9c883d0
5000,goblet,15011,FIGHT_PROP_WATER_ADD_HURT,200,HISTORICAL_CONTINUITY_CANDIDATE,3278aeebca3c3c11139db3ab8fcc4b04a9c883d0
5000,goblet,15012,FIGHT_PROP_WIND_ADD_HURT,200,HISTORICAL_CONTINUITY_CANDIDATE,3278aeebca3c3c11139db3ab8fcc4b04a9c883d0
5000,goblet,15013,FIGHT_PROP_ROCK_ADD_HURT,200,HISTORICAL_CONTINUITY_CANDIDATE,3278aeebca3c3c11139db3ab8fcc4b04a9c883d0
5000,goblet,15014,FIGHT_PROP_GRASS_ADD_HURT,200,HISTORICAL_CONTINUITY_CANDIDATE,3278aeebca3c3c11139db3ab8fcc4b04a9c883d0
5000,goblet,15015,FIGHT_PROP_PHYSICAL_ADD_HURT,200,HISTORICAL_CONTINUITY_CANDIDATE,3278aeebca3c3c11139db3ab8fcc4b04a9c883d0
