slots,cmd_id,type_name,method_name,method_index,method_position,method_rva,method_size,hit_count
0x4B2A88,26552,HAKKLGNCKJM,CJJIJIHCAHM,615757,5,0xF045720,112,1
0x4B2A90,36641,NCBEHBOCBJJ,GDILHLIGMPI,615758,6,0xF045790,112,1
0x4B2AB0,20290,MAFFAFNMEBM,OAEILOAJOML,615762,10,0xF0462A0,112,1
0x4B2AC0,23366,DKJCMHENKAI,GCDHLNLACDK,615764,12,0xF046780,1120,1
0x4B2AC8,4699,AFHIJFNIMIC,LCMIADIHLOF,615765,13,0xF046BE0,368,1
0x4B2AE8,9782,IEBBLLEGJKP,FBDIPIFPMHK,615769,17,0xF046FA0,928,1
0x4B2B28;0x4B2B88;0x4B3558,22137,AOHEOHNHJID,AEHLICHFHPB,615777,25,0xF048690,304,3
0x4B2B58,5579,DEDBJEHOIOB,KMKENMPKDII,615783,31,0xF049840,576,1
0x4B2B68,20129,KPOHCKKFHBD,LLJICPCNGAG,615785,33,0xF04A130,112,1
0x4B2C20,5626,PPLHEBIKNHD,KHBKPPJNMAP,615808,56,0xF04D320,96,1
0x4B2C68,2666,BGOLBGMDHCJ,HICNAAHMIAG,615817,65,0xF050780,80,1
0x4B2C88,100,GPPPALLHPJJ,JPHOHLCMDIP,615821,69,0xF050BE0,368,1
0x4B2C90,22391,KLGKCDJDGIE,EEDBIHANPAF,615822,70,0xF050D50,400,1
0x4B2CC8,29891,HFJKOKMPBEA,MEBNCPIDNHK,615829,77,0xF051D00,336,1
0x4B2CD0,26402,NBPPHJLEJBH,DPOHKDELPDH,615830,78,0xF051E50,304,1
0x4B2D30,29015,PPODKELNBLE,EMEHCHGFDNP,615842,90,0xF053330,800,1
0x4B2D48,25574,KHIOGELKKNO,GBDIMOPCPLB,615845,93,0xF053820,80,1
0x4B2D88,8462,LGCJMOLOKCH,POHEMPHDJGC,615853,101,0xF054110,112,1
0x4B2D90,6774,ICMCPHPFIKJ,AOBLMEIIJCC,615854,102,0xF054180,208,1
0x4B2DE0,470,BIJMIDLFDPN,ADPDFBENIBG,615864,112,0xF0557B0,496,1
0x4B2E80;0x4B3218,26,BAAKLINKOOA,PKLIGLBPONB,615884,132,0xF058EF0,3040,2
0x4B2EC8,23762,OBLKJNFMAKF,ONMOKHGHKGE,615893,141,0xF05A9A0,400,1
0x4B2ED0,6989,NJCICIJEFMA,DAPHJGODOFA,615894,142,0xF05AB30,336,1
0x4B2ED8;0x4B3218,26609,BGMEHMPHPKM,HPIIOCFPKBN,615895,143,0xF05AC80,944,2
0x4B2F08,29891,HFJKOKMPBEA,KNPPOFKBGPK,615901,149,0xF05BE00,576,1
0x4B2F10,28686,CMFJGNNLGFG,AHOCIGOLAEK,615902,150,0xF05C040,416,1
0x4B2F20,26,BAAKLINKOOA,JIOBKLCKNPF,615904,152,0xF05C360,544,1
0x4B2F30,1636,NJDIFMMLLOE,BOBLKAFHCKH,615906,154,0xF05C650,368,1
0x4B2F48,20937,KGIODIAJJOM,NPJGFOEFLAG,615909,157,0xF05C7D0,80,1
0x4B2F88,29209,FCAHOKDNIKN,JPBLOECFKFG,615917,165,0xF05D090,352,1
0x4B2F98,542,HGAEKKGPBFD,MPGNANJOAKL,615919,167,0xF05D5C0,400,1
0x4B2FF0,25095,LEEHOJOIGAB,MPDMKGLGHCG,615930,178,0xF05E050,544,1
0x4B3000,25607,GOLKNOALGNK,CFKPDFEELMO,615932,180,0xF05E400,1472,1
0x4B3028;0x4B3208,25567,DBNMIKBJIPE,IPADDHFIGMF,615937,185,0xF05F0F0,4752,2
0x4B3078,29891,HFJKOKMPBEA,MMBJNFHDJGG,615947,195,0xF061F00,368,1
0x4B3098,23515,PBHHCCAOAOI,CKFJACPKMPD,615951,199,0xF063210,224,1
0x4B30A8,1412,MOFGOFAKOOA,NEGCDGEOLNL,615953,201,0xF066980,368,1
0x4B30C0,22925,LPBOMLNABOM,FICNLHGPDBG,615956,204,0xF065030,112,1
0x4B3100,20184,ABFHJMOILDO,LIDMNDJPOPC,615964,212,0xF064D90,432,1
0x4B3188,29591,PAAHDBMLCLD,HBJEEHKEFFG,615981,229,0xF0666F0,112,1
0x4B3190,26050,BBEHBKICHEN,GMHLLBLGOHD,615982,230,0xF067200,384,1
0x4B31C0,27567,ALEOPELCBLM,GIALEFMPMDG,615988,236,0xF0650A0,176,1
0x4B31E0,9296,MENFGOLOCKB,BMFNIFGEEBE,615992,240,0xF0678E0,656,1
0x4B31E8,23138,KCPKMHLKNPJ,OOOLGALPFGG,615993,241,0xF064340,2640,1
0x4B31F8,26,BAAKLINKOOA,IPFNPDMOAHG,615995,243,0xF063090,384,1
0x4B3228,24269,GNNDHDGBMNP,MFPJCPABAKO,616001,249,0xF063490,1280,1
0x4B3248,7626,KGANBHICCNK,MAAFHLCPCCJ,616005,253,0xF0632F0,224,1
0x4B3250,21302,AGFDHNAFLBL,CFFBADBFHOG,616006,254,0xF067750,256,1
0x4B3280,3431,PCNMBPHHFOI,IMEHHLOJKIK,616012,260,0xF064F40,240,1
0x4B3290,6801,ALIBNMJJCEC,FNINIEOHJEF,616014,262,0xF066D30,400,1
0x4B32A0,1057,KGGMLGFOKFN,PINCKAHBDDO,616016,264,0xF065150,3280,1
0x4B3300,8328,BGOBMGMBEFA,LJOJBEBCKLO,616028,276,0xF067E50,112,1
0x4B3388,6989,NJCICIJEFMA,KBOPDBAGACM,616045,293,0xF0664B0,576,1
0x4B33C0,23775,HLOADMMKKMK,PCPCDMGIFMG,616052,300,0xF067B70,288,1
0x4B33D8,7819,BHABCLEFMOD,IGIHMDHJMKM,616055,303,0xF066AF0,576,1
0x4B3410,9582,DGGODBOJHNI,DEAAMNJKOLP,616062,310,0xF072DD0,144,1
0x4B3468,26255,GKFJPKHLPEB,GDKEFDEMEDO,616073,321,0xF064150,496,1
0x4B3478,3781,JDAHIGMBJPH,IPKLAHJIJND,616075,323,0xF067C90,448,1
0x4B3530,23946,ALHGELABAKH,EEJDMEOBLMN,616098,346,0xF066760,112,1
0x4B3568,27420,LKPMBKNMEBJ,OEDBGAOOPDI,616105,353,0xF0633D0,192,1
0x4B3598,4699,AFHIJFNIMIC,LPAAHKKHOLK,616111,359,0xF066020,576,1
0x4B35E8,6978,BILHKFJMCOM,CFEKBCMDNDN,616121,369,0xF066EC0,832,1
0x4B3600,2838,BMAOGLCLOEJ,LAAMBGEJLBA,616124,372,0xF065E20,288,1
0x4B3608,20791,EFHMGKLBEMO,NLGCBEGNAFJ,616125,373,0xF0667D0,432,1
0x4B3618,6989,NJCICIJEFMA,IKFMBKJCKAI,616127,375,0xF066340,368,1
0x4B3630,5700,ONOALPOPGJB,KAMPCMFIDOB,616130,378,0xF067EC0,1616,1
0x4B3650,4699,AFHIJFNIMIC,FBICBAGOELM,616134,382,0xF074230,336,1
0x4B3668,1222,FPLOPFDFOBG,FKOILGLPAEF,616137,385,0xF063990,1984,1
