prop_type,class_weight,relative_weight,roll_1,roll_2,roll_3,roll_4,upgrade_weight_each,provenance
FIGHT_PROP_HP,600,6,209.13,239,268.88,298.75,1000,restored-historical-weights
FIGHT_PROP_HP_PERCENT,400,4,0.0408,0.0466,0.0525,0.0583,1000,restored-historical-weights
FIGHT_PROP_ATTACK,600,6,13.62,15.56,17.51,19.45,1000,restored-historical-weights
FIGHT_PROP_ATTACK_PERCENT,400,4,0.0408,0.0466,0.0525,0.0583,1000,restored-historical-weights
FIGHT_PROP_DEFENSE,600,6,16.20,18.52,20.83,23.15,1000,restored-historical-weights
FIGHT_PROP_DEFENSE_PERCENT,400,4,0.0510,0.0583,0.0656,0.0729,1000,restored-historical-weights
FIGHT_PROP_CRITICAL,300,3,0.0272,0.0311,0.0350,0.0389,1000,restored-historical-weights
FIGHT_PROP_CRITICAL_HURT,300,3,0.0544,0.0622,0.0699,0.0777,1000,restored-historical-weights
FIGHT_PROP_CHARGE_EFFICIENCY,400,4,0.0453,0.0518,0.0583,0.0648,1000,restored-historical-weights
FIGHT_PROP_ELEMENT_MASTERY,400,4,16.32,18.65,20.98,23.31,1000,restored-historical-weights
