slot,prop_depot_id,prop_type,weight,total_weight,probability,provenance
sands,1000,FIGHT_PROP_HP_PERCENT,1334,5000,0.2668,restored-historical
sands,1000,FIGHT_PROP_ATTACK_PERCENT,1333,5000,0.2666,restored-historical
sands,1000,FIGHT_PROP_DEFENSE_PERCENT,1333,5000,0.2666,restored-historical
sands,1000,FIGHT_PROP_CHARGE_EFFICIENCY,500,5000,0.10,restored-historical
sands,1000,FIGHT_PROP_ELEMENT_MASTERY,500,5000,0.10,restored-historical
circlet,3000,FIGHT_PROP_HP_PERCENT,1100,5000,0.22,restored-historical
circlet,3000,FIGHT_PROP_ATTACK_PERCENT,1100,5000,0.22,restored-historical
circlet,3000,FIGHT_PROP_DEFENSE_PERCENT,1100,5000,0.22,restored-historical
circlet,3000,FIGHT_PROP_CRITICAL,500,5000,0.10,restored-historical
circlet,3000,FIGHT_PROP_CRITICAL_HURT,500,5000,0.10,restored-historical
circlet,3000,FIGHT_PROP_HEAL_ADD,500,5000,0.10,restored-historical
circlet,3000,FIGHT_PROP_ELEMENT_MASTERY,200,5000,0.04,restored-historical
goblet,5000,FIGHT_PROP_HP_PERCENT,770,4000,0.1925,restored-historical
goblet,5000,FIGHT_PROP_ATTACK_PERCENT,770,4000,0.1925,restored-historical
goblet,5000,FIGHT_PROP_DEFENSE_PERCENT,760,4000,0.19,restored-historical
goblet,5000,FIGHT_PROP_ELEMENT_MASTERY,100,4000,0.025,restored-historical
goblet,5000,FIGHT_PROP_FIRE_ADD_HURT,200,4000,0.05,restored-historical
goblet,5000,FIGHT_PROP_ELEC_ADD_HURT,200,4000,0.05,restored-historical
goblet,5000,FIGHT_PROP_ICE_ADD_HURT,200,4000,0.05,restored-historical
goblet,5000,FIGHT_PROP_WATER_ADD_HURT,200,4000,0.05,restored-historical
goblet,5000,FIGHT_PROP_WIND_ADD_HURT,200,4000,0.05,restored-historical
goblet,5000,FIGHT_PROP_ROCK_ADD_HURT,200,4000,0.05,restored-historical
goblet,5000,FIGHT_PROP_GRASS_ADD_HURT,200,4000,0.05,restored-historical
goblet,5000,FIGHT_PROP_PHYSICAL_ADD_HURT,200,4000,0.05,restored-historical
plume,2000,FIGHT_PROP_ATTACK,999,999,1.0,restored-historical
flower,4000,FIGHT_PROP_HP,999,999,1.0,restored-historical
