usage_destination,type_slot_va,type_slot_rva,section,status,evidence
2555,0x1A25F75F6,0x625F75F6,il2cpp,static-observed,1 initializer call-site observation(s); unanimous slot
3458,0x142C339A1,0x2C339A1,il2cpp,static-observed,1 initializer call-site observation(s); unanimous slot
6038,0x1D383F581,0x9383F581,il2cpp,static-observed,1 initializer call-site observation(s); unanimous slot
6271,0x1A10B64DD,0x610B64DD,il2cpp,static-observed,1 initializer call-site observation(s); unanimous slot
6288,0x15EB780E8,0x1EB780E8,il2cpp,static-observed,1 initializer call-site observation(s); unanimous slot
6377,0x1A19D452E,0x619D452E,il2cpp,static-observed,1 initializer call-site observation(s); unanimous slot
6401,0x1916A3D79,0x516A3D79,il2cpp,static-observed,1 initializer call-site observation(s); unanimous slot
7266,0x1D269B8BA,0x9269B8BA,il2cpp,static-observed,1 initializer call-site observation(s); unanimous slot
9628,0x1B02936A7,0x702936A7,il2cpp,static-observed,1 initializer call-site observation(s); unanimous slot
10246,0x1A10B64DD,0x610B64DD,il2cpp,static-observed,1 initializer call-site observation(s); unanimous slot
10747,0x1A1B74626,0x61B74626,il2cpp,static-observed,1 initializer call-site observation(s); unanimous slot
10759,0x142A45E45,0x2A45E45,il2cpp,static-observed,1 initializer call-site observation(s); unanimous slot
10924,0x1A2BA2F87,0x62BA2F87,il2cpp,static-observed,1 initializer call-site observation(s); unanimous slot
11496,0x15E9F80DB,0x1E9F80DB,il2cpp,static-observed,1 initializer call-site observation(s); unanimous slot
13829,0x145785F00,0x5785F00,il2cpp,static-observed,1 initializer call-site observation(s); unanimous slot
15688,0x18FF3CB51,0x4FF3CB51,il2cpp,static-observed,1 initializer call-site observation(s); unanimous slot
15829,0x1D8031BF4,0x98031BF4,il2cpp,static-observed,1 initializer call-site observation(s); unanimous slot
16012,0x1457868D0,0x57868D0,il2cpp,static-observed,11 initializer call-site observation(s); unanimous slot
16071,0x1457868D0,0x57868D0,il2cpp,static-observed,5 initializer call-site observation(s); unanimous slot
16401,0x14581AB34,0x581AB34,il2cpp,static-observed,1 initializer call-site observation(s); unanimous slot
17263,0x1457868D0,0x57868D0,il2cpp,static-observed,1 initializer call-site observation(s); unanimous slot
21025,0x15C50CC50,0x1C50CC50,il2cpp,static-observed,1 initializer call-site observation(s); unanimous slot
23458,0x18FF339F8,0x4FF339F8,il2cpp,static-observed,1 initializer call-site observation(s); unanimous slot
32301,0x145789AB0,0x5789AB0,il2cpp,static-observed,1 initializer call-site observation(s); unanimous slot
33333,0x1BEBB4F49,0x7EBB4F49,il2cpp,static-observed,1 initializer call-site observation(s); unanimous slot
35857,0x19B6FCE84,0x5B6FCE84,il2cpp,static-observed,1 initializer call-site observation(s); unanimous slot
36626,0x189136D61,0x49136D61,il2cpp,static-observed,1 initializer call-site observation(s); unanimous slot
36945,0x15C2BB8B0,0x1C2BB8B0,il2cpp,static-observed,1 initializer call-site observation(s); unanimous slot
43218,0x1892386EF,0x492386EF,il2cpp,static-observed,1 initializer call-site observation(s); unanimous slot
44933,0x19A0DF35A,0x5A0DF35A,il2cpp,static-observed,1 initializer call-site observation(s); unanimous slot
45984,0x1457915DC,0x57915DC,il2cpp,static-observed,1 initializer call-site observation(s); unanimous slot
52437,0x1591F1374,0x191F1374,il2cpp,static-observed,1 initializer call-site observation(s); unanimous slot
56777,0x156E4F469,0x16E4F469,il2cpp,static-observed,1 initializer call-site observation(s); unanimous slot
58469,0x196A503A3,0x56A503A3,il2cpp,static-observed,1 initializer call-site observation(s); unanimous slot
66116,0x199142F13,0x59142F13,il2cpp,static-observed,1 initializer call-site observation(s); unanimous slot
66424,0x19B453E16,0x5B453E16,il2cpp,static-observed,1 initializer call-site observation(s); unanimous slot
76982,0x145792680,0x5792680,il2cpp,static-observed,1 initializer call-site observation(s); unanimous slot
77304,0x190487393,0x50487393,il2cpp,static-observed,1 initializer call-site observation(s); unanimous slot
78640,0x1457929E4,0x57929E4,il2cpp,static-observed,1 initializer call-site observation(s); unanimous slot
79496,0x145792D20,0x5792D20,il2cpp,static-observed,1 initializer call-site observation(s); unanimous slot
80338,0x145788E38,0x5788E38,il2cpp,static-observed,1 initializer call-site observation(s); unanimous slot
81147,0x1457931C0,0x57931C0,il2cpp,static-observed,1 initializer call-site observation(s); unanimous slot
83075,0x160D8B616,0x20D8B616,il2cpp,static-observed,1 initializer call-site observation(s); unanimous slot
85349,0x193E89F60,0x53E89F60,il2cpp,static-observed,1 initializer call-site observation(s); unanimous slot
89895,0x15C7354CE,0x1C7354CE,il2cpp,static-observed,1 initializer call-site observation(s); unanimous slot
90889,0x145794240,0x5794240,il2cpp,static-observed,1 initializer call-site observation(s); unanimous slot
90974,0x1533D0955,0x133D0955,il2cpp,static-observed,1 initializer call-site observation(s); unanimous slot
92106,0x152861A0C,0x12861A0C,il2cpp,static-observed,1 initializer call-site observation(s); unanimous slot
101396,0x1B75D69F4,0x775D69F4,il2cpp,static-observed,1 initializer call-site observation(s); unanimous slot
107111,0x1506E2424,0x106E2424,il2cpp,static-observed,1 initializer call-site observation(s); unanimous slot
107438,0x18DFC822B,0x4DFC822B,il2cpp,static-observed,1 initializer call-site observation(s); unanimous slot
110598,0x197B40636,0x57B40636,il2cpp,static-observed,1 initializer call-site observation(s); unanimous slot
122373,0x19114BC37,0x5114BC37,il2cpp,static-observed,1 initializer call-site observation(s); unanimous slot
129165,0x18814D651,0x4814D651,il2cpp,static-observed,1 initializer call-site observation(s); unanimous slot
132818,0x18F04E4F7,0x4F04E4F7,il2cpp,static-observed,1 initializer call-site observation(s); unanimous slot
136317,0x19124F2DC,0x5124F2DC,il2cpp,static-observed,1 initializer call-site observation(s); unanimous slot
136915,0x18E24F535,0x4E24F535,il2cpp,static-observed,1 initializer call-site observation(s); unanimous slot
138259,0x15D062C3B,0x1D062C3B,il2cpp,static-observed,1 initializer call-site observation(s); unanimous slot
146370,0x197E289C4,0x57E289C4,il2cpp,static-observed,1 initializer call-site observation(s); unanimous slot
149811,0x18EED27BA,0x4EED27BA,il2cpp,static-observed,1 initializer call-site observation(s); unanimous slot
151162,0x192A8D397,0x52A8D397,il2cpp,static-observed,1 initializer call-site observation(s); unanimous slot
151680,0x162B9F25B,0x22B9F25B,il2cpp,static-observed,1 initializer call-site observation(s); unanimous slot
153832,0x1C3CFF49D,0x83CFF49D,il2cpp,static-observed,1 initializer call-site observation(s); unanimous slot
161282,0x18DF553EC,0x4DF553EC,il2cpp,static-observed,1 initializer call-site observation(s); unanimous slot
173321,0x1C7DA595E,0x87DA595E,il2cpp,static-observed,1 initializer call-site observation(s); unanimous slot
174445,0x154B94D40,0x14B94D40,il2cpp,static-observed,1 initializer call-site observation(s); unanimous slot
183438,0x197411332,0x57411332,il2cpp,static-observed,1 initializer call-site observation(s); unanimous slot
188049,0x1994F3327,0x594F3327,il2cpp,static-observed,1 initializer call-site observation(s); unanimous slot
192877,0x1921FC097,0x521FC097,il2cpp,static-observed,1 initializer call-site observation(s); unanimous slot
197731,0x19C131E35,0x5C131E35,il2cpp,static-observed,1 initializer call-site observation(s); unanimous slot
197773,0x19DC75B2E,0x5DC75B2E,il2cpp,static-observed,1 initializer call-site observation(s); unanimous slot
198676,0x19D851AA6,0x5D851AA6,il2cpp,static-observed,1 initializer call-site observation(s); unanimous slot
201620,0x1A1346B76,0x61346B76,il2cpp,static-observed,1 initializer call-site observation(s); unanimous slot
202932,0x186AD6FB0,0x46AD6FB0,.text,static-observed,1 initializer call-site observation(s); unanimous slot
203639,0x15868B44A,0x1868B44A,.text,static-observed,1 initializer call-site observation(s); unanimous slot
205197,0x164E573CC,0x24E573CC,il2cpp,static-observed,1 initializer call-site observation(s); unanimous slot
205358,0x186AD78B0,0x46AD78B0,.text,static-observed,1 initializer call-site observation(s); unanimous slot
206261,0x18479C2D4,0x4479C2D4,.text,static-observed,1 initializer call-site observation(s); unanimous slot
207460,0x19EAB86A8,0x5EAB86A8,.text,static-observed,1 initializer call-site observation(s); unanimous slot
207864,0x1AC5FD1DD,0x6C5FD1DD,il2cpp,static-observed,1 initializer call-site observation(s); unanimous slot
208147,0x140B26EB9,0xB26EB9,il2cpp,static-observed,1 initializer call-site observation(s); unanimous slot
210963,0x19A4477B4,0x5A4477B4,il2cpp,static-observed,1 initializer call-site observation(s); unanimous slot
212514,0x162ACA304,0x22ACA304,il2cpp,static-observed,1 initializer call-site observation(s); unanimous slot
213576,0x19C21208B,0x5C21208B,il2cpp,static-observed,1 initializer call-site observation(s); unanimous slot
215174,0x140B26EB9,0xB26EB9,il2cpp,static-observed,1 initializer call-site observation(s); unanimous slot
215657,0x16D5728AC,0x2D5728AC,il2cpp,static-observed,1 initializer call-site observation(s); unanimous slot
215863,0x163D14D29,0x23D14D29,il2cpp,static-observed,1 initializer call-site observation(s); unanimous slot
216712,0x14DA14CE8,0xDA14CE8,.text,static-observed,1 initializer call-site observation(s); unanimous slot
224004,0x1B1C032A6,0x71C032A6,il2cpp,static-observed,1 initializer call-site observation(s); unanimous slot
224631,0x165CF42E2,0x25CF42E2,il2cpp,static-observed,1 initializer call-site observation(s); unanimous slot
226306,0x186ADFF5B,0x46ADFF5B,.text,static-observed,1 initializer call-site observation(s); unanimous slot
226349,0x15C694319,0x1C694319,.text,static-observed,1 initializer call-site observation(s); unanimous slot
226413,0x186AE00B8,0x46AE00B8,.text,static-observed,1 initializer call-site observation(s); unanimous slot
226453,0x15C694469,0x1C694469,.text,static-observed,1 initializer call-site observation(s); unanimous slot
226528,0x186AE020C,0x46AE020C,.text,static-observed,1 initializer call-site observation(s); unanimous slot
226645,0x186AE02FF,0x46AE02FF,.text,static-observed,1 initializer call-site observation(s); unanimous slot
226683,0x15C6946B9,0x1C6946B9,.text,static-observed,1 initializer call-site observation(s); unanimous slot
226738,0x186AE0458,0x46AE0458,.text,static-observed,1 initializer call-site observation(s); unanimous slot
226767,0x15C694809,0x1C694809,.text,static-observed,1 initializer call-site observation(s); unanimous slot
226823,0x186AE05AF,0x46AE05AF,.text,static-observed,1 initializer call-site observation(s); unanimous slot
226857,0x15C694969,0x1C694969,.text,static-observed,1 initializer call-site observation(s); unanimous slot
226915,0x186AE070C,0x46AE070C,.text,static-observed,1 initializer call-site observation(s); unanimous slot
226998,0x186AE07FF,0x46AE07FF,.text,static-observed,1 initializer call-site observation(s); unanimous slot
227106,0x186AE08E8,0x46AE08E8,.text,static-observed,1 initializer call-site observation(s); unanimous slot
227135,0x15C694C99,0x1C694C99,.text,static-observed,1 initializer call-site observation(s); unanimous slot
227222,0x186AE0A34,0x46AE0A34,.text,static-observed,1 initializer call-site observation(s); unanimous slot
227330,0x186AE0B14,0x46AE0B14,.text,static-observed,1 initializer call-site observation(s); unanimous slot
227445,0x186AE0C03,0x46AE0C03,.text,static-observed,1 initializer call-site observation(s); unanimous slot
227552,0x186AE0CE8,0x46AE0CE8,.text,static-observed,1 initializer call-site observation(s); unanimous slot
227639,0x186AE0DCF,0x46AE0DCF,.text,static-observed,1 initializer call-site observation(s); unanimous slot
227684,0x14DB14CA9,0xDB14CA9,.text,static-observed,1 initializer call-site observation(s); unanimous slot
227735,0x186AE0EBC,0x46AE0EBC,.text,static-observed,1 initializer call-site observation(s); unanimous slot
227845,0x186AE0FAC,0x46AE0FAC,.text,static-observed,1 initializer call-site observation(s); unanimous slot
227947,0x186AE109B,0x46AE109B,.text,static-observed,1 initializer call-site observation(s); unanimous slot
228029,0x186AE118C,0x46AE118C,.text,static-observed,1 initializer call-site observation(s); unanimous slot
228117,0x186AE127C,0x46AE127C,.text,static-observed,1 initializer call-site observation(s); unanimous slot
228214,0x186AE136C,0x46AE136C,.text,static-observed,1 initializer call-site observation(s); unanimous slot
228293,0x186AE145B,0x46AE145B,.text,static-observed,1 initializer call-site observation(s); unanimous slot
228383,0x186AE1597,0x46AE1597,.text,static-observed,1 initializer call-site observation(s); unanimous slot
228484,0x186AE167B,0x46AE167B,.text,static-observed,1 initializer call-site observation(s); unanimous slot
228520,0x15C695A39,0x1C695A39,.text,static-observed,1 initializer call-site observation(s); unanimous slot
228576,0x186AE17DF,0x46AE17DF,.text,static-observed,1 initializer call-site observation(s); unanimous slot
228612,0x15C695B89,0x1C695B89,.text,static-observed,1 initializer call-site observation(s); unanimous slot
228674,0x186AE193B,0x46AE193B,.text,static-observed,1 initializer call-site observation(s); unanimous slot
228696,0x15C695CE9,0x1C695CE9,.text,static-observed,1 initializer call-site observation(s); unanimous slot
228768,0x186AE1B44,0x46AE1B44,.text,static-observed,1 initializer call-site observation(s); unanimous slot
228791,0x15C695EE9,0x1C695EE9,.text,static-observed,1 initializer call-site observation(s); unanimous slot
228847,0x186AE1C9B,0x46AE1C9B,.text,static-observed,1 initializer call-site observation(s); unanimous slot
228878,0x15C696049,0x1C696049,.text,static-observed,1 initializer call-site observation(s); unanimous slot
228943,0x186AE1DFF,0x46AE1DFF,.text,static-observed,1 initializer call-site observation(s); unanimous slot
228973,0x15C6961A9,0x1C6961A9,.text,static-observed,1 initializer call-site observation(s); unanimous slot
229032,0x186AE1F58,0x46AE1F58,.text,static-observed,1 initializer call-site observation(s); unanimous slot
229061,0x15C6962F9,0x1C6962F9,.text,static-observed,1 initializer call-site observation(s); unanimous slot
229131,0x186AE20AB,0x46AE20AB,.text,static-observed,1 initializer call-site observation(s); unanimous slot
229159,0x15C696459,0x1C696459,.text,static-observed,1 initializer call-site observation(s); unanimous slot
229220,0x186AE2208,0x46AE2208,.text,static-observed,1 initializer call-site observation(s); unanimous slot
229241,0x15C6965A9,0x1C6965A9,.text,static-observed,1 initializer call-site observation(s); unanimous slot
229307,0x186AE235B,0x46AE235B,.text,static-observed,1 initializer call-site observation(s); unanimous slot
229327,0x15C696709,0x1C696709,.text,static-observed,1 initializer call-site observation(s); unanimous slot
229382,0x186AE24BF,0x46AE24BF,.text,static-observed,1 initializer call-site observation(s); unanimous slot
229421,0x15C696869,0x1C696869,.text,static-observed,1 initializer call-site observation(s); unanimous slot
229488,0x186AE2618,0x46AE2618,.text,static-observed,1 initializer call-site observation(s); unanimous slot
229512,0x15C6969B9,0x1C6969B9,.text,static-observed,1 initializer call-site observation(s); unanimous slot
229572,0x186AE276F,0x46AE276F,.text,static-observed,1 initializer call-site observation(s); unanimous slot
229601,0x15C696B19,0x1C696B19,.text,static-observed,1 initializer call-site observation(s); unanimous slot
229675,0x186AE2924,0x46AE2924,.text,static-observed,1 initializer call-site observation(s); unanimous slot
229711,0x15C696CC9,0x1C696CC9,.text,static-observed,1 initializer call-site observation(s); unanimous slot
229783,0x186AE2A78,0x46AE2A78,.text,static-observed,1 initializer call-site observation(s); unanimous slot
229808,0x15C696E19,0x1C696E19,.text,static-observed,1 initializer call-site observation(s); unanimous slot
229871,0x186AE2BCF,0x46AE2BCF,.text,static-observed,1 initializer call-site observation(s); unanimous slot
229967,0x186AE2CBC,0x46AE2CBC,.text,static-observed,1 initializer call-site observation(s); unanimous slot
230057,0x186AE2DB3,0x46AE2DB3,.text,static-observed,1 initializer call-site observation(s); unanimous slot
230140,0x186AE2E9C,0x46AE2E9C,.text,static-observed,1 initializer call-site observation(s); unanimous slot
230234,0x186AE2F9C,0x46AE2F9C,.text,static-observed,1 initializer call-site observation(s); unanimous slot
230310,0x186AE308F,0x46AE308F,.text,static-observed,1 initializer call-site observation(s); unanimous slot
230407,0x186AE3178,0x46AE3178,.text,static-observed,1 initializer call-site observation(s); unanimous slot
232053,0x14078DAE2,0x78DAE2,il2cpp,static-observed,1 initializer call-site observation(s); unanimous slot
238616,0x19E0DF3F0,0x5E0DF3F0,il2cpp,static-observed,1 initializer call-site observation(s); unanimous slot
240512,0x1430BD95A,0x30BD95A,il2cpp,static-observed,1 initializer call-site observation(s); unanimous slot
242260,0x19D81EAB8,0x5D81EAB8,il2cpp,static-observed,1 initializer call-site observation(s); unanimous slot
243350,0x156B35254,0x16B35254,il2cpp,static-observed,1 initializer call-site observation(s); unanimous slot
245591,0x184E7317B,0x44E7317B,.text,static-observed,1 initializer call-site observation(s); unanimous slot
245621,0x1846931F9,0x446931F9,.text,static-observed,1 initializer call-site observation(s); unanimous slot
246111,0x15470FC2D,0x1470FC2D,il2cpp,static-observed,1 initializer call-site observation(s); unanimous slot
249785,0x169C7D0F2,0x29C7D0F2,il2cpp,static-observed,1 initializer call-site observation(s); unanimous slot
251225,0x19D88FDB6,0x5D88FDB6,il2cpp,static-observed,1 initializer call-site observation(s); unanimous slot
251525,0x1B31A713E,0x731A713E,il2cpp,static-observed,1 initializer call-site observation(s); unanimous slot
253129,0x186AE84DB,0x46AE84DB,.text,static-observed,1 initializer call-site observation(s); unanimous slot
253163,0x186AE85D2,0x46AE85D2,.text,static-observed,1 initializer call-site observation(s); unanimous slot
253588,0x1A0A1F3D8,0x60A1F3D8,il2cpp,static-observed,1 initializer call-site observation(s); unanimous slot
253839,0x1886DB2A3,0x486DB2A3,.text,static-observed,1 initializer call-site observation(s); unanimous slot
254073,0x18866B753,0x4866B753,.text,static-observed,1 initializer call-site observation(s); unanimous slot
254081,0x18854B7C3,0x4854B7C3,.text,static-observed,1 initializer call-site observation(s); unanimous slot
254542,0x1A059FFDA,0x6059FFDA,il2cpp,static-observed,1 initializer call-site observation(s); unanimous slot
256151,0x1655E2F7A,0x255E2F7A,il2cpp,static-observed,1 initializer call-site observation(s); unanimous slot
257441,0x17AF8CBC1,0x3AF8CBC1,il2cpp,static-observed,1 initializer call-site observation(s); unanimous slot
257845,0x1CDE38FE3,0x8DE38FE3,il2cpp,static-observed,1 initializer call-site observation(s); unanimous slot
262617,0x1848DAB2C,0x448DAB2C,il2cpp,static-observed,1 initializer call-site observation(s); unanimous slot
263976,0x19626E505,0x5626E505,il2cpp,static-observed,1 initializer call-site observation(s); unanimous slot
265434,0x147A751B7,0x7A751B7,il2cpp,static-observed,1 initializer call-site observation(s); unanimous slot
267929,0x14DFFABBA,0xDFFABBA,il2cpp,static-observed,1 initializer call-site observation(s); unanimous slot
270836,0x17722714E,0x3722714E,il2cpp,static-observed,1 initializer call-site observation(s); unanimous slot
275588,0x143676203,0x3676203,il2cpp,static-observed,1 initializer call-site observation(s); unanimous slot
282028,0x15756BE5E,0x1756BE5E,il2cpp,static-observed,1 initializer call-site observation(s); unanimous slot
282469,0x15DA30EEF,0x1DA30EEF,il2cpp,static-observed,1 initializer call-site observation(s); unanimous slot
282868,0x19D9BA13F,0x5D9BA13F,il2cpp,static-observed,1 initializer call-site observation(s); unanimous slot
290329,0x1BE8CD1CE,0x7E8CD1CE,il2cpp,static-observed,1 initializer call-site observation(s); unanimous slot
291347,0x15C6A0827,0x1C6A0827,.text,static-observed,1 initializer call-site observation(s); unanimous slot
291366,0x186AEC607,0x46AEC607,.text,static-observed,1 initializer call-site observation(s); unanimous slot
291427,0x15C6A0A47,0x1C6A0A47,.text,static-observed,1 initializer call-site observation(s); unanimous slot
291447,0x186AEC82B,0x46AEC82B,.text,static-observed,1 initializer call-site observation(s); unanimous slot
291496,0x15C6A0C45,0x1C6A0C45,.text,static-observed,1 initializer call-site observation(s); unanimous slot
291520,0x186AECA23,0x46AECA23,.text,static-observed,1 initializer call-site observation(s); unanimous slot
291627,0x186AECBBB,0x46AECBBB,.text,static-observed,1 initializer call-site observation(s); unanimous slot
291689,0x15C6A0FD5,0x1C6A0FD5,.text,static-observed,1 initializer call-site observation(s); unanimous slot
291720,0x186AECDB3,0x46AECDB3,.text,static-observed,1 initializer call-site observation(s); unanimous slot
291787,0x186AECF4C,0x46AECF4C,.text,static-observed,1 initializer call-site observation(s); unanimous slot
292345,0x186AED377,0x46AED377,.text,static-observed,1 initializer call-site observation(s); unanimous slot
293269,0x19E2DB14E,0x5E2DB14E,il2cpp,static-observed,1 initializer call-site observation(s); unanimous slot
293383,0x1A00B56D0,0x600B56D0,il2cpp,static-observed,1 initializer call-site observation(s); unanimous slot
293622,0x186AED6F6,0x46AED6F6,.text,static-observed,1 initializer call-site observation(s); unanimous slot
296950,0x1931F65F2,0x531F65F2,il2cpp,static-observed,1 initializer call-site observation(s); unanimous slot
299107,0x1432BC61E,0x32BC61E,il2cpp,static-observed,1 initializer call-site observation(s); unanimous slot
299378,0x142E3BF75,0x2E3BF75,il2cpp,static-observed,1 initializer call-site observation(s); unanimous slot
299379,0x1400EE24B,0xEE24B,il2cpp,static-observed,1 initializer call-site observation(s); unanimous slot
301491,0x141BED8DB,0x1BED8DB,il2cpp,static-observed,1 initializer call-site observation(s); unanimous slot
305215,0x16578EFAD,0x2578EFAD,il2cpp,static-observed,1 initializer call-site observation(s); unanimous slot
310244,0x1B5FF7DEC,0x75FF7DEC,.text,static-observed,1 initializer call-site observation(s); unanimous slot
310251,0x164803310,0x24803310,.text,static-observed,1 initializer call-site observation(s); unanimous slot
310253,0x1B5FF7FC1,0x75FF7FC1,.text,static-observed,1 initializer call-site observation(s); unanimous slot
310258,0x1B5FF8071,0x75FF8071,.text,static-observed,1 initializer call-site observation(s); unanimous slot
310267,0x1B5FF810C,0x75FF810C,.text,static-observed,1 initializer call-site observation(s); unanimous slot
310293,0x14FFF842D,0xFFF842D,.text,static-observed,1 initializer call-site observation(s); unanimous slot
310303,0x164C03ABB,0x24C03ABB,.text,static-observed,1 initializer call-site observation(s); unanimous slot
310305,0x14FFF8840,0xFFF8840,.text,static-observed,1 initializer call-site observation(s); unanimous slot
310313,0x14FFF89C0,0xFFF89C0,.text,static-observed,1 initializer call-site observation(s); unanimous slot
310332,0x1B5FF8D72,0x75FF8D72,.text,static-observed,1 initializer call-site observation(s); unanimous slot
310336,0x1B5FF8E67,0x75FF8E67,.text,static-observed,1 initializer call-site observation(s); unanimous slot
310351,0x164C044A2,0x24C044A2,.text,static-observed,1 initializer call-site observation(s); unanimous slot
310354,0x14FFF91BF,0xFFF91BF,.text,static-observed,1 initializer call-site observation(s); unanimous slot
310361,0x14FFF92CF,0xFFF92CF,.text,static-observed,1 initializer call-site observation(s); unanimous slot
310369,0x1B5FF9378,0x75FF9378,.text,static-observed,1 initializer call-site observation(s); unanimous slot
310386,0x164C04B32,0x24C04B32,.text,static-observed,1 initializer call-site observation(s); unanimous slot
310389,0x14FFF984F,0xFFF984F,.text,static-observed,1 initializer call-site observation(s); unanimous slot
310396,0x14FFF995F,0xFFF995F,.text,static-observed,1 initializer call-site observation(s); unanimous slot
310405,0x1B5FF9A6D,0x75FF9A6D,.text,static-observed,1 initializer call-site observation(s); unanimous slot
310413,0x164C0503E,0x24C0503E,.text,static-observed,1 initializer call-site observation(s); unanimous slot
310414,0x14FFF9D5F,0xFFF9D5F,.text,static-observed,1 initializer call-site observation(s); unanimous slot
310424,0x14FFF9E6F,0xFFF9E6F,.text,static-observed,1 initializer call-site observation(s); unanimous slot
310434,0x1B5FF9F7D,0x75FF9F7D,.text,static-observed,1 initializer call-site observation(s); unanimous slot
310439,0x164C05542,0x24C05542,.text,static-observed,1 initializer call-site observation(s); unanimous slot
310441,0x14FFFA25F,0xFFFA25F,.text,static-observed,1 initializer call-site observation(s); unanimous slot
310446,0x14FFFA36F,0xFFFA36F,.text,static-observed,1 initializer call-site observation(s); unanimous slot
310456,0x1B5FFA42C,0x75FFA42C,.text,static-observed,1 initializer call-site observation(s); unanimous slot
310461,0x164805950,0x24805950,.text,static-observed,1 initializer call-site observation(s); unanimous slot
310462,0x1B5FFA601,0x75FFA601,.text,static-observed,1 initializer call-site observation(s); unanimous slot
