usage_destination,type_slot_rva,cmd_id,type_definition_index,type_name,method_rva,method_name,call_rva,usage_load_rva,slot_xref_rva,slot_xref_distance,status,evidence
114669,0x57F3798,16,57394,JMKLOCLIKBE,,,,,,16,STABLE_USAGE_TYPE_XREF,"1 qualifying call/slot-xref observation(s), unanimous usage id for this verified protocol type"
98108,0x57F37B0,24,87747,IIDICIKNAIF,,,,,,16,STABLE_USAGE_TYPE_XREF,"1 qualifying call/slot-xref observation(s), unanimous usage id for this verified protocol type"
52230,0x57E4DA8,48,72844,EBAJCEIPBOM,,,,,,16,STABLE_USAGE_TYPE_XREF,"1 qualifying call/slot-xref observation(s), unanimous usage id for this verified protocol type"
125785,0x57F37D8,72,83810,KLMDFHBIJGJ,,,,,,16,STABLE_USAGE_TYPE_XREF,"1 qualifying call/slot-xref observation(s), unanimous usage id for this verified protocol type"
137426,0x57F37F0,80,52319,MADGANCIMLP,,,,,,12,STABLE_USAGE_TYPE_XREF,"1 qualifying call/slot-xref observation(s), unanimous usage id for this verified protocol type"
94508,0x57F3818,112,26479,JBHJMLHMHAC,,,,,,29,STABLE_USAGE_TYPE_XREF,"1 qualifying call/slot-xref observation(s), unanimous usage id for this verified protocol type"
180590,0x57F3878,209,79970,MDCMLJGMDPI,,,,,,16,STABLE_USAGE_TYPE_XREF,"1 qualifying call/slot-xref observation(s), unanimous usage id for this verified protocol type"
118036,0x57F3890,228,43967,KNCHMEFNHMH,,,,,,29,STABLE_USAGE_TYPE_XREF,"1 qualifying call/slot-xref observation(s), unanimous usage id for this verified protocol type"
80299,0x57F3960,399,27764,HFIJGJICHOH,,,,,,12,STABLE_USAGE_TYPE_XREF,"1 qualifying call/slot-xref observation(s), unanimous usage id for this verified protocol type"
77007,0x57F3978,425,40338,HCAPIOKEJAI,,,,,,35,STABLE_USAGE_TYPE_XREF,"1 qualifying call/slot-xref observation(s), unanimous usage id for this verified protocol type"
82881,0x57F3A00,542,80875,HGAEKKGPBFD,,,,,,16,STABLE_USAGE_TYPE_XREF,"1 qualifying call/slot-xref observation(s), unanimous usage id for this verified protocol type"
72718,0x57F3A48,582,73307,HBBPHIEJMFM,,,,,,31,STABLE_USAGE_TYPE_XREF,"1 qualifying call/slot-xref observation(s), unanimous usage id for this verified protocol type"
44099,0x57DD188,584,81635,CNIOBAJDGDH,,,,,,16,STABLE_USAGE_TYPE_XREF,"1 qualifying call/slot-xref observation(s), unanimous usage id for this verified protocol type"
119269,0x57F3A60,591,22432,LOIIMFPBDLA,,,,,,12,STABLE_USAGE_TYPE_XREF,"1 qualifying call/slot-xref observation(s), unanimous usage id for this verified protocol type"
85652,0x57F3A78,599,65092,HFHKOBJPCKF,,,,,,16,STABLE_USAGE_TYPE_XREF,"1 qualifying call/slot-xref observation(s), unanimous usage id for this verified protocol type"
31063,0x57CE8D0,652,82298,BKMIKBABCHM,,,,,,77,STABLE_USAGE_TYPE_XREF,"1 qualifying call/slot-xref observation(s), unanimous usage id for this verified protocol type"
133255,0x57F3AC8,715,44185,MGDCHPIBFNM,,,,,,16,STABLE_USAGE_TYPE_XREF,"1 qualifying call/slot-xref observation(s), unanimous usage id for this verified protocol type"
185818,0x57F3AD0,722,41807,PIEPMAKNKKD,,,,,,16,STABLE_USAGE_TYPE_XREF,"1 qualifying call/slot-xref observation(s), unanimous usage id for this verified protocol type"
36744,0x57D5400,893,44257,CIMMGNLPHCJ,,,,,,126,STABLE_USAGE_TYPE_XREF,"1 qualifying call/slot-xref observation(s), unanimous usage id for this verified protocol type"
95026,0x57F3BE8,956,12750,IOGIMHDDOHK,,,,,,16,STABLE_USAGE_TYPE_XREF,"1 qualifying call/slot-xref observation(s), unanimous usage id for this verified protocol type"
145024,0x57F3C08,972,44717,MPKGKMHEGAD,,,,,,115,STABLE_USAGE_TYPE_XREF,"1 qualifying call/slot-xref observation(s), unanimous usage id for this verified protocol type"
65175,0x57F11C8,1013,63193,FGLLGCMMHNP,,,,,,16,STABLE_USAGE_TYPE_XREF,"1 qualifying call/slot-xref observation(s), unanimous usage id for this verified protocol type"
164316,0x57F3C60,1040,71241,MNBPKHICLHD,,,,,,126,STABLE_USAGE_TYPE_XREF,"1 qualifying call/slot-xref observation(s), unanimous usage id for this verified protocol type"
190514,0x57F3C68,1041,25853,OIJADADEJMK,,,,,,16,STABLE_USAGE_TYPE_XREF,"1 qualifying call/slot-xref observation(s), unanimous usage id for this verified protocol type"
78506,0x57F3C70,1048,51727,GGKJJEJPMNO,,,,,,106,STABLE_USAGE_TYPE_XREF,"1 qualifying call/slot-xref observation(s), unanimous usage id for this verified protocol type"
47177,0x57E0050,1056,43935,DCNPBDMPEJN,,,,,,16,STABLE_USAGE_TYPE_XREF,"1 qualifying call/slot-xref observation(s), unanimous usage id for this verified protocol type"
106955,0x57F3C78,1057,31760,KGGMLGFOKFN,,,,,,16,STABLE_USAGE_TYPE_XREF,"1 qualifying call/slot-xref observation(s), unanimous usage id for this verified protocol type"
85868,0x57F3CB0,1099,41403,HGCNFGABHML,,,,,,12,STABLE_USAGE_TYPE_XREF,"1 qualifying call/slot-xref observation(s), unanimous usage id for this verified protocol type"
89229,0x57F3CE0,1145,11918,ICOEKINAHAF,,,,,,35,STABLE_USAGE_TYPE_XREF,"1 qualifying call/slot-xref observation(s), unanimous usage id for this verified protocol type"
146900,0x57F3CF0,1160,86929,NDMFILDLCMP,,,,,,16,STABLE_USAGE_TYPE_XREF,"1 qualifying call/slot-xref observation(s), unanimous usage id for this verified protocol type"
73126,0x57F3D08,1167,86389,GDMGGDFNCFB,,,,,,16,STABLE_USAGE_TYPE_XREF,"1 qualifying call/slot-xref observation(s), unanimous usage id for this verified protocol type"
102735,0x57F3D10,1171,65355,IFJGKPLBKHE,,,,,,29,STABLE_USAGE_TYPE_XREF,"1 qualifying call/slot-xref observation(s), unanimous usage id for this verified protocol type"
32363,0x57D0090,1178,69953,BIOMHCPPIBF,,,,,,16,STABLE_USAGE_TYPE_XREF,"1 qualifying call/slot-xref observation(s), unanimous usage id for this verified protocol type"
85187,0x57F3D20,1185,32742,GBDAPGDHIHL,,,,,,126,STABLE_USAGE_TYPE_XREF,"1 qualifying call/slot-xref observation(s), unanimous usage id for this verified protocol type"
73670,0x57F3D50,1209,45293,FOPOOLGCCBK,,,,,,29,STABLE_USAGE_TYPE_XREF,"1 qualifying call/slot-xref observation(s), unanimous usage id for this verified protocol type"
29920,0x57CD4D8,1241,21820,BCCDIPOMNKP,,,,,,126,STABLE_USAGE_TYPE_XREF,"1 qualifying call/slot-xref observation(s), unanimous usage id for this verified protocol type"
63239,0x57EF6B0,1288,14678,FKFMJKNAJOE,,,,,,75,STABLE_USAGE_TYPE_XREF,"1 qualifying call/slot-xref observation(s), unanimous usage id for this verified protocol type"
103961,0x57F3DB0,1292,59909,IJBLCEIIDAI,,,,,,29,STABLE_USAGE_TYPE_XREF,"1 qualifying call/slot-xref observation(s), unanimous usage id for this verified protocol type"
124232,0x57F3DD8,1354,64851,KEMABJNGJOP,,,,,,115,STABLE_USAGE_TYPE_XREF,"1 qualifying call/slot-xref observation(s), unanimous usage id for this verified protocol type"
110935,0x57F3DE8,1373,41616,JGGKHJDNDBM,,,,,,16,STABLE_USAGE_TYPE_XREF,"1 qualifying call/slot-xref observation(s), unanimous usage id for this verified protocol type"
89032,0x57F3E30,1439,84095,IHCAHEHNKCO,,,,,,16,STABLE_USAGE_TYPE_XREF,"1 qualifying call/slot-xref observation(s), unanimous usage id for this verified protocol type"
170951,0x57E6E38,1491,34026,NPJOKMDBLDI,,,,,,12,STABLE_USAGE_TYPE_XREF,"1 qualifying call/slot-xref observation(s), unanimous usage id for this verified protocol type"
66185,0x57F1F90,1516,31457,FOHNKFEBAJL,,,,,,16,STABLE_USAGE_TYPE_XREF,"1 qualifying call/slot-xref observation(s), unanimous usage id for this verified protocol type"
85019,0x57F3EB8,1573,34362,IIFBBCPIJDL,,,,,,16,STABLE_USAGE_TYPE_XREF,"1 qualifying call/slot-xref observation(s), unanimous usage id for this verified protocol type"
174223,0x57F3EE8,1631,49621,PANGLIGDKKI,,,,,,16,STABLE_USAGE_TYPE_XREF,"1 qualifying call/slot-xref observation(s), unanimous usage id for this verified protocol type"
17854,0x57AF368,1707,81963,AALPNNNEOOP,,,,,,16,STABLE_USAGE_TYPE_XREF,"1 qualifying call/slot-xref observation(s), unanimous usage id for this verified protocol type"
72036,0x57F3F30,1724,42729,FHAJFBOIDNG,,,,,,12,STABLE_USAGE_TYPE_XREF,"1 qualifying call/slot-xref observation(s), unanimous usage id for this verified protocol type"
60254,0x57C5140,1781,35644,FKDAAACPCOF,,,,,,29,STABLE_USAGE_TYPE_XREF,"1 qualifying call/slot-xref observation(s), unanimous usage id for this verified protocol type"
56454,0x57E9840,2016,29442,CLCKDFPLKIC,,,,,,12,STABLE_USAGE_TYPE_XREF,"1 qualifying call/slot-xref observation(s), unanimous usage id for this verified protocol type"
107570,0x57F40C8,2076,62307,KIKJHCHHEFH,,,,,,16,STABLE_USAGE_TYPE_XREF,"1 qualifying call/slot-xref observation(s), unanimous usage id for this verified protocol type"
163227,0x57F4120,2142,15477,MKAEAJDDGKK,,,,,,31,STABLE_USAGE_TYPE_XREF,"1 qualifying call/slot-xref observation(s), unanimous usage id for this verified protocol type"
74614,0x57F4138,2162,55257,FPJHKBFKCOJ,,,,,,29,STABLE_USAGE_TYPE_XREF,"1 qualifying call/slot-xref observation(s), unanimous usage id for this verified protocol type"
87284,0x57F4158,2183,35292,HFEPNONIPIM,,,,,,16,STABLE_USAGE_TYPE_XREF,"1 qualifying call/slot-xref observation(s), unanimous usage id for this verified protocol type"
18952,0x57B1038,2246,58672,ADPNFGHAOGI,,,,,,69,STABLE_USAGE_TYPE_XREF,"1 qualifying call/slot-xref observation(s), unanimous usage id for this verified protocol type"
143803,0x57F41D8,2310,62048,NCDFNBALLIL,,,,,,29,STABLE_USAGE_TYPE_XREF,"1 qualifying call/slot-xref observation(s), unanimous usage id for this verified protocol type"
90021,0x57F4220,2365,37816,JAMBOKGNNMN,,,,,,97,STABLE_USAGE_TYPE_XREF,"1 qualifying call/slot-xref observation(s), unanimous usage id for this verified protocol type"
119568,0x57F4228,2372,75042,JJLFBHKKFAC,,,,,,16,STABLE_USAGE_TYPE_XREF,"1 qualifying call/slot-xref observation(s), unanimous usage id for this verified protocol type"
113502,0x57F4250,2421,25538,JBMFEKJPBNJ,,,,,,29,STABLE_USAGE_TYPE_XREF,"1 qualifying call/slot-xref observation(s), unanimous usage id for this verified protocol type"
100533,0x57F42B0,2492,28664,JJIPOKDHLCE,,,,,,16,STABLE_USAGE_TYPE_XREF,"1 qualifying call/slot-xref observation(s), unanimous usage id for this verified protocol type"
92809,0x57F42C0,2516,13204,IIAEBHHANFB,,,,,,16,STABLE_USAGE_TYPE_XREF,"1 qualifying call/slot-xref observation(s), unanimous usage id for this verified protocol type"
36829,0x57D54A0,2557,24850,BOKIDACIMCG,,,,,,29,STABLE_USAGE_TYPE_XREF,"1 qualifying call/slot-xref observation(s), unanimous usage id for this verified protocol type"
146978,0x57F42F8,2569,87316,NIGBGGKKOFO,,,,,,86,STABLE_USAGE_TYPE_XREF,"1 qualifying call/slot-xref observation(s), unanimous usage id for this verified protocol type"
102167,0x57F4308,2578,67152,IPPGJKAKJDF,,,,,,16,STABLE_USAGE_TYPE_XREF,"1 qualifying call/slot-xref observation(s), unanimous usage id for this verified protocol type"
45267,0x57DE490,2592,39260,CFJEGDBGHOB,,,,,,16,STABLE_USAGE_TYPE_XREF,"1 qualifying call/slot-xref observation(s), unanimous usage id for this verified protocol type"
64266,0x57F04B8,2660,49013,FKPLPILHJLK,,,,,,16,STABLE_USAGE_TYPE_XREF,"1 qualifying call/slot-xref observation(s), unanimous usage id for this verified protocol type"
97490,0x57F4378,2686,82009,HHHLPPDHHHJ,,,,,,16,STABLE_USAGE_TYPE_XREF,"1 qualifying call/slot-xref observation(s), unanimous usage id for this verified protocol type"
187943,0x57F4398,2704,57083,PPOEAFNPODA,,,,,,31,STABLE_USAGE_TYPE_XREF,"1 qualifying call/slot-xref observation(s), unanimous usage id for this verified protocol type"
128184,0x57F4420,2788,26327,LJOHADLKGLB,,,,,,29,STABLE_USAGE_TYPE_XREF,"1 qualifying call/slot-xref observation(s), unanimous usage id for this verified protocol type"
66754,0x57F27D0,2826,54967,FIOPONIPAIE,,,,,,16,STABLE_USAGE_TYPE_XREF,"1 qualifying call/slot-xref observation(s), unanimous usage id for this verified protocol type"
111750,0x57F4468,2841,41294,JGPKKGBNPBI,,,,,,16,STABLE_USAGE_TYPE_XREF,"1 qualifying call/slot-xref observation(s), unanimous usage id for this verified protocol type"
154990,0x57F44C0,2907,31942,LNCKOIOCHAB,,,,,,16,STABLE_USAGE_TYPE_XREF,"1 qualifying call/slot-xref observation(s), unanimous usage id for this verified protocol type"
64886,0x57F0DE8,2923,88599,FKFBOIKIICD,,,,,,16,STABLE_USAGE_TYPE_XREF,"1 qualifying call/slot-xref observation(s), unanimous usage id for this verified protocol type"
49827,0x57E2600,2956,72353,DNOIFJAMOAB,,,,,,16,STABLE_USAGE_TYPE_XREF,"1 qualifying call/slot-xref observation(s), unanimous usage id for this verified protocol type"
28808,0x57CC098,2989,19119,BGACMCKCDAN,,,,,,16,STABLE_USAGE_TYPE_XREF,"1 qualifying call/slot-xref observation(s), unanimous usage id for this verified protocol type"
37279,0x57C6460,3059,32293,BHMNKDLKPGD,,,,,,16,STABLE_USAGE_TYPE_XREF,"1 qualifying call/slot-xref observation(s), unanimous usage id for this verified protocol type"
31402,0x57CEE50,3062,17633,BJEBOLJAGJG,,,,,,16,STABLE_USAGE_TYPE_XREF,"1 qualifying call/slot-xref observation(s), unanimous usage id for this verified protocol type"
181077,0x57F4558,3080,61625,PNOPENBGBOD,,,,,,16,STABLE_USAGE_TYPE_XREF,"1 qualifying call/slot-xref observation(s), unanimous usage id for this verified protocol type"
115830,0x57F4570,3095,39925,LHOHDHLBNFP,,,,,,29,STABLE_USAGE_TYPE_XREF,"1 qualifying call/slot-xref observation(s), unanimous usage id for this verified protocol type"
97237,0x57F4578,3122,23439,JAPKHJOKGCC,,,,,,12,STABLE_USAGE_TYPE_XREF,"1 qualifying call/slot-xref observation(s), unanimous usage id for this verified protocol type"
151006,0x57F4600,3209,87980,NIKJCIFLAFO,,,,,,64,STABLE_USAGE_TYPE_XREF,"1 qualifying call/slot-xref observation(s), unanimous usage id for this verified protocol type"
79207,0x57F4640,3272,21647,GJELNGJAPNL,,,,,,16,STABLE_USAGE_TYPE_XREF,"1 qualifying call/slot-xref observation(s), unanimous usage id for this verified protocol type"
89164,0x57F4658,3281,66464,ICBNEFMJJMH,,,,,,29,STABLE_USAGE_TYPE_XREF,"1 qualifying call/slot-xref observation(s), unanimous usage id for this verified protocol type"
144684,0x57F4678,3314,27138,NDGDCAMPEAG,,,,,,16,STABLE_USAGE_TYPE_XREF,"1 qualifying call/slot-xref observation(s), unanimous usage id for this verified protocol type"
56191,0x57E3060,3319,12035,FBBJIAJLDON,,,,,,29,STABLE_USAGE_TYPE_XREF,"1 qualifying call/slot-xref observation(s), unanimous usage id for this verified protocol type"
100233,0x57F46B0,3347,41355,KENBDJGIOAF,,,,,,29,STABLE_USAGE_TYPE_XREF,"1 qualifying call/slot-xref observation(s), unanimous usage id for this verified protocol type"
163302,0x57F46C8,3396,21282,NCBDACDBLBO,,,,,,16,STABLE_USAGE_TYPE_XREF,"1 qualifying call/slot-xref observation(s), unanimous usage id for this verified protocol type"
62166,0x57EEB68,3399,82726,FBFKAANFDBE,,,,,,16,STABLE_USAGE_TYPE_XREF,"1 qualifying call/slot-xref observation(s), unanimous usage id for this verified protocol type"
24346,0x57C6F88,3416,84403,ANEMJJCFCEB,,,,,,16,STABLE_USAGE_TYPE_XREF,"1 qualifying call/slot-xref observation(s), unanimous usage id for this verified protocol type"
156542,0x57F46F0,3471,36103,OKHCJJMCNAK,,,,,,12,STABLE_USAGE_TYPE_XREF,"1 qualifying call/slot-xref observation(s), unanimous usage id for this verified protocol type"
18642,0x57B08D8,3491,49091,ADPEKCPOKAF,,,,,,16,STABLE_USAGE_TYPE_XREF,"1 qualifying call/slot-xref observation(s), unanimous usage id for this verified protocol type"
94433,0x57CC9A0,3531,41168,JBCPMADGPAL,,,,,,125,STABLE_USAGE_TYPE_XREF,"1 qualifying call/slot-xref observation(s), unanimous usage id for this verified protocol type"
70991,0x57F4740,3532,86505,EPJGGGPMAFK,,,,,,16,STABLE_USAGE_TYPE_XREF,"1 qualifying call/slot-xref observation(s), unanimous usage id for this verified protocol type"
114766,0x57F4788,3598,84076,KGFCGLDAAIH,,,,,,29,STABLE_USAGE_TYPE_XREF,"1 qualifying call/slot-xref observation(s), unanimous usage id for this verified protocol type"
120205,0x57F4798,3610,53289,JDLMELOENCN,,,,,,16,STABLE_USAGE_TYPE_XREF,"1 qualifying call/slot-xref observation(s), unanimous usage id for this verified protocol type"
160577,0x57F47E0,3689,23927,KFBJCKANIFD,,,,,,16,STABLE_USAGE_TYPE_XREF,"1 qualifying call/slot-xref observation(s), unanimous usage id for this verified protocol type"
20429,0x57B3010,3705,65326,AFPHMLJMEMO,,,,,,12,STABLE_USAGE_TYPE_XREF,"1 qualifying call/slot-xref observation(s), unanimous usage id for this verified protocol type"
138841,0x57F4800,3723,59241,MKCKIFNKLDE,,,,,,16,STABLE_USAGE_TYPE_XREF,"1 qualifying call/slot-xref observation(s), unanimous usage id for this verified protocol type"
125164,0x57F4840,3761,66153,MKCBPGMCMJM,,,,,,16,STABLE_USAGE_TYPE_XREF,"1 qualifying call/slot-xref observation(s), unanimous usage id for this verified protocol type"
42290,0x57DB9F0,3768,22088,CKDHHNGBJPC,,,,,,12,STABLE_USAGE_TYPE_XREF,"1 qualifying call/slot-xref observation(s), unanimous usage id for this verified protocol type"
167272,0x57F4858,3776,16855,NJEECGEJHPC,,,,,,115,STABLE_USAGE_TYPE_XREF,"1 qualifying call/slot-xref observation(s), unanimous usage id for this verified protocol type"
122462,0x57F4860,3777,39564,KMEIDBLBDDD,,,,,,16,STABLE_USAGE_TYPE_XREF,"1 qualifying call/slot-xref observation(s), unanimous usage id for this verified protocol type"
146038,0x57F4898,3814,15309,NBGIJHEJIJJ,,,,,,69,STABLE_USAGE_TYPE_XREF,"1 qualifying call/slot-xref observation(s), unanimous usage id for this verified protocol type"
158184,0x57F48E8,3868,30534,NCPBDIOIILC,,,,,,89,STABLE_USAGE_TYPE_XREF,"1 qualifying call/slot-xref observation(s), unanimous usage id for this verified protocol type"
108774,0x57F49A8,4022,35318,LCNAFAANHCJ,,,,,,16,STABLE_USAGE_TYPE_XREF,"1 qualifying call/slot-xref observation(s), unanimous usage id for this verified protocol type"
108339,0x57F49C8,4036,68429,KKMNIHENKBB,,,,,,16,STABLE_USAGE_TYPE_XREF,"1 qualifying call/slot-xref observation(s), unanimous usage id for this verified protocol type"
33229,0x57D1110,4103,87566,BLBPBKPNNPD,,,,,,16,STABLE_USAGE_TYPE_XREF,"1 qualifying call/slot-xref observation(s), unanimous usage id for this verified protocol type"
58770,0x57EBE50,4138,37383,EICODNECPCK,,,,,,16,STABLE_USAGE_TYPE_XREF,"1 qualifying call/slot-xref observation(s), unanimous usage id for this verified protocol type"
37684,0x57D69D0,4170,47383,CNCJFEIPNLH,,,,,,16,STABLE_USAGE_TYPE_XREF,"1 qualifying call/slot-xref observation(s), unanimous usage id for this verified protocol type"
73713,0x57F4A88,4199,48801,FMINAEDEJBJ,,,,,,16,STABLE_USAGE_TYPE_XREF,"1 qualifying call/slot-xref observation(s), unanimous usage id for this verified protocol type"
37094,0x57CDA18,4215,79710,CDGNPFDPGBB,,,,,,77,STABLE_USAGE_TYPE_XREF,"1 qualifying call/slot-xref observation(s), unanimous usage id for this verified protocol type"
189469,0x57F4AA8,4234,72225,NINALKKEMHN,,,,,,16,STABLE_USAGE_TYPE_XREF,"1 qualifying call/slot-xref observation(s), unanimous usage id for this verified protocol type"
57547,0x57EABC0,4249,75887,EJJIPNKKHII,,,,,,12,STABLE_USAGE_TYPE_XREF,"1 qualifying call/slot-xref observation(s), unanimous usage id for this verified protocol type"
24161,0x57C6CB8,4280,58288,ANLMNNKGJLA,,,,,,16,STABLE_USAGE_TYPE_XREF,"1 qualifying call/slot-xref observation(s), unanimous usage id for this verified protocol type"
92719,0x57F4AE8,4312,68940,GONHILGMFFG,,,,,,29,STABLE_USAGE_TYPE_XREF,"1 qualifying call/slot-xref observation(s), unanimous usage id for this verified protocol type"
73459,0x57F4B28,4350,60625,HAJJOILGNFN,,,,,,16,STABLE_USAGE_TYPE_XREF,"1 qualifying call/slot-xref observation(s), unanimous usage id for this verified protocol type"
52763,0x57E5578,4410,77385,EBBJOFJGAIB,,,,,,29,STABLE_USAGE_TYPE_XREF,"1 qualifying call/slot-xref observation(s), unanimous usage id for this verified protocol type"
19737,0x57B2010,4423,47824,AHHDNPKPLKI,,,,,,16,STABLE_USAGE_TYPE_XREF,"1 qualifying call/slot-xref observation(s), unanimous usage id for this verified protocol type"
55518,0x57E8968,4458,46607,EGJFJFIOLMG,,,,,,29,STABLE_USAGE_TYPE_XREF,"1 qualifying call/slot-xref observation(s), unanimous usage id for this verified protocol type"
150894,0x57F4BB0,4463,83768,OEOKFOEJIPE,,,,,,115,STABLE_USAGE_TYPE_XREF,"1 qualifying call/slot-xref observation(s), unanimous usage id for this verified protocol type"
109050,0x57F4BE8,4529,56169,LDEBHBAMNDM,,,,,,101,STABLE_USAGE_TYPE_XREF,"1 qualifying call/slot-xref observation(s), unanimous usage id for this verified protocol type"
74602,0x57F4C58,4637,71414,GLMKGPKBDKP,,,,,,16,STABLE_USAGE_TYPE_XREF,"1 qualifying call/slot-xref observation(s), unanimous usage id for this verified protocol type"
109869,0x57F4C68,4646,85889,HLCELKDHGMI,,,,,,29,STABLE_USAGE_TYPE_XREF,"1 qualifying call/slot-xref observation(s), unanimous usage id for this verified protocol type"
124732,0x57F4CA8,4693,87227,MJCEOAHFGHI,,,,,,29,STABLE_USAGE_TYPE_XREF,"1 qualifying call/slot-xref observation(s), unanimous usage id for this verified protocol type"
68769,0x57DCCF8,4698,46562,FPECKKKGCIG,,,,,,16,STABLE_USAGE_TYPE_XREF,"1 qualifying call/slot-xref observation(s), unanimous usage id for this verified protocol type"
86646,0x57F4CB8,4704,77456,HPNMJCPHKFH,,,,,,16,STABLE_USAGE_TYPE_XREF,"1 qualifying call/slot-xref observation(s), unanimous usage id for this verified protocol type"
136910,0x57F4CF0,4735,62958,MGOFAJMFPIE,,,,,,35,STABLE_USAGE_TYPE_XREF,"1 qualifying call/slot-xref observation(s), unanimous usage id for this verified protocol type"
64346,0x57F0640,4737,78481,FLLJAIJBMFK,,,,,,16,STABLE_USAGE_TYPE_XREF,"1 qualifying call/slot-xref observation(s), unanimous usage id for this verified protocol type"
87700,0x57F4D10,4766,21120,IBAGAJPPPLN,,,,,,16,STABLE_USAGE_TYPE_XREF,"1 qualifying call/slot-xref observation(s), unanimous usage id for this verified protocol type"
74125,0x57F4D70,4867,76836,HDMJDNKHIPH,,,,,,16,STABLE_USAGE_TYPE_XREF,"1 qualifying call/slot-xref observation(s), unanimous usage id for this verified protocol type"
58191,0x57EB728,4911,82660,EKLJEMKDGGA,,,,,,12,STABLE_USAGE_TYPE_XREF,"1 qualifying call/slot-xref observation(s), unanimous usage id for this verified protocol type"
47245,0x57B5360,4934,20274,DGEEPOFPEKE,,,,,,29,STABLE_USAGE_TYPE_XREF,"1 qualifying call/slot-xref observation(s), unanimous usage id for this verified protocol type"
81637,0x57F4E48,5088,46206,GPFBPGHFCFA,,,,,,12,STABLE_USAGE_TYPE_XREF,"1 qualifying call/slot-xref observation(s), unanimous usage id for this verified protocol type"
73611,0x57F4E68,5106,67269,GKKPOMPGJDO,,,,,,12,STABLE_USAGE_TYPE_XREF,"1 qualifying call/slot-xref observation(s), unanimous usage id for this verified protocol type"
62011,0x57EE8D8,5107,77054,EMGPJOOAAHL,,,,,,16,STABLE_USAGE_TYPE_XREF,"1 qualifying call/slot-xref observation(s), unanimous usage id for this verified protocol type"
109392,0x57F4E80,5119,57991,JEFKILMBNFP,,,,,,12,STABLE_USAGE_TYPE_XREF,"1 qualifying call/slot-xref observation(s), unanimous usage id for this verified protocol type"
110511,0x57F4ED8,5241,80813,LDMNBMLDJBH,,,,,,16,STABLE_USAGE_TYPE_XREF,"1 qualifying call/slot-xref observation(s), unanimous usage id for this verified protocol type"
77609,0x57EB538,5266,45547,GMDIEGLAJEG,,,,,,16,STABLE_USAGE_TYPE_XREF,"1 qualifying call/slot-xref observation(s), unanimous usage id for this verified protocol type"
182619,0x57F4F48,5397,21924,MMHLLILAPNA,,,,,,16,STABLE_USAGE_TYPE_XREF,"1 qualifying call/slot-xref observation(s), unanimous usage id for this verified protocol type"
66544,0x57F23F0,5425,27695,FPEFAHKDFDF,,,,,,16,STABLE_USAGE_TYPE_XREF,"1 qualifying call/slot-xref observation(s), unanimous usage id for this verified protocol type"
177177,0x57F4F80,5451,74963,OCBIKGCIONN,,,,,,16,STABLE_USAGE_TYPE_XREF,"1 qualifying call/slot-xref observation(s), unanimous usage id for this verified protocol type"
133634,0x57F4FB8,5496,14362,KMBHKPAHPAA,,,,,,16,STABLE_USAGE_TYPE_XREF,"1 qualifying call/slot-xref observation(s), unanimous usage id for this verified protocol type"
34922,0x57D2E70,5513,21563,BJMMFJKCBOJ,,,,,,16,STABLE_USAGE_TYPE_XREF,"1 qualifying call/slot-xref observation(s), unanimous usage id for this verified protocol type"
190726,0x57F5010,5571,76333,OMOAMDKOCGM,,,,,,88,STABLE_USAGE_TYPE_XREF,"1 qualifying call/slot-xref observation(s), unanimous usage id for this verified protocol type"
45671,0x57DE9C8,5579,17074,DEDBJEHOIOB,,,,,,16,STABLE_USAGE_TYPE_XREF,"1 qualifying call/slot-xref observation(s), unanimous usage id for this verified protocol type"
124902,0x57F5018,5584,67758,MNICEFNNLHF,,,,,,16,STABLE_USAGE_TYPE_XREF,"1 qualifying call/slot-xref observation(s), unanimous usage id for this verified protocol type"
180040,0x57F5020,5605,19326,MPBGJEBJNPK,,,,,,16,STABLE_USAGE_TYPE_XREF,"1 qualifying call/slot-xref observation(s), unanimous usage id for this verified protocol type"
156893,0x57F5028,5613,81749,MPDKJNDPOBH,,,,,,31,STABLE_USAGE_TYPE_XREF,"1 qualifying call/slot-xref observation(s), unanimous usage id for this verified protocol type"
44503,0x57DD8B8,5618,18559,DBMGKPGEBBL,,,,,,16,STABLE_USAGE_TYPE_XREF,"1 qualifying call/slot-xref observation(s), unanimous usage id for this verified protocol type"
152993,0x57CFD40,5652,30611,NMJMJIHOCDE,,,,,,16,STABLE_USAGE_TYPE_XREF,"1 qualifying call/slot-xref observation(s), unanimous usage id for this verified protocol type"
47919,0x57E0B08,5746,38106,DHPEGMILCEJ,,,,,,29,STABLE_USAGE_TYPE_XREF,"1 qualifying call/slot-xref observation(s), unanimous usage id for this verified protocol type"
55123,0x57E78E8,5849,47407,DKCKKPGEEEH,,,,,,29,STABLE_USAGE_TYPE_XREF,"1 qualifying call/slot-xref observation(s), unanimous usage id for this verified protocol type"
131278,0x57F5118,5903,88455,KKOAFFKHOFD,,,,,,16,STABLE_USAGE_TYPE_XREF,"1 qualifying call/slot-xref observation(s), unanimous usage id for this verified protocol type"
114856,0x57F51B0,5992,68873,LDKPICJDIPO,,,,,,29,STABLE_USAGE_TYPE_XREF,"1 qualifying call/slot-xref observation(s), unanimous usage id for this verified protocol type"
48844,0x57E17E0,6105,18582,DIECLKFLIKM,,,,,,29,STABLE_USAGE_TYPE_XREF,"1 qualifying call/slot-xref observation(s), unanimous usage id for this verified protocol type"
54565,0x57E70E0,6326,66573,EEIIJMDHNNE,,,,,,16,STABLE_USAGE_TYPE_XREF,"1 qualifying call/slot-xref observation(s), unanimous usage id for this verified protocol type"
188041,0x57F5390,6477,65650,NCEPMPPLJCN,,,,,,16,STABLE_USAGE_TYPE_XREF,"1 qualifying call/slot-xref observation(s), unanimous usage id for this verified protocol type"
104842,0x57F53C8,6527,87314,JFIJFNNNOEO,,,,,,29,STABLE_USAGE_TYPE_XREF,"1 qualifying call/slot-xref observation(s), unanimous usage id for this verified protocol type"
102542,0x57F53E0,6579,79541,JONAGHOAMLH,,,,,,16,STABLE_USAGE_TYPE_XREF,"1 qualifying call/slot-xref observation(s), unanimous usage id for this verified protocol type"
77938,0x57F5400,6598,61637,GGBCMOAIPJM,,,,,,16,STABLE_USAGE_TYPE_XREF,"1 qualifying call/slot-xref observation(s), unanimous usage id for this verified protocol type"
25238,0x57C80D8,6622,52230,ALPCFFANJPJ,,,,,,69,STABLE_USAGE_TYPE_XREF,"1 qualifying call/slot-xref observation(s), unanimous usage id for this verified protocol type"
143965,0x57F5470,6733,57315,NCGKIGEHLCH,,,,,,16,STABLE_USAGE_TYPE_XREF,"1 qualifying call/slot-xref observation(s), unanimous usage id for this verified protocol type"
17845,0x57AF300,6743,81959,ABJOMOIIDHH,,,,,,16,STABLE_USAGE_TYPE_XREF,"1 qualifying call/slot-xref observation(s), unanimous usage id for this verified protocol type"
115519,0x57F5488,6752,65257,KBKJHBLBLJO,,,,,,16,STABLE_USAGE_TYPE_XREF,"1 qualifying call/slot-xref observation(s), unanimous usage id for this verified protocol type"
105266,0x57F5490,6771,63799,KAKOGKMNDAM,,,,,,35,STABLE_USAGE_TYPE_XREF,"1 qualifying call/slot-xref observation(s), unanimous usage id for this verified protocol type"
74505,0x57C7008,6800,24074,HDFFEFBJCFK,,,,,,126,STABLE_USAGE_TYPE_XREF,"1 qualifying call/slot-xref observation(s), unanimous usage id for this verified protocol type"
140623,0x57F54D8,6817,16044,LEFCEINNLJI,,,,,,29,STABLE_USAGE_TYPE_XREF,"1 qualifying call/slot-xref observation(s), unanimous usage id for this verified protocol type"
61366,0x57EE158,6889,72892,DFJPOGCDNDJ,,,,,,101,STABLE_USAGE_TYPE_XREF,"1 qualifying call/slot-xref observation(s), unanimous usage id for this verified protocol type"
68633,0x57F55E8,7055,24251,FCPLNJIAOKD,,,,,,16,STABLE_USAGE_TYPE_XREF,"1 qualifying call/slot-xref observation(s), unanimous usage id for this verified protocol type"
59052,0x57EC238,7080,53581,EOIEEABMGNA,,,,,,16,STABLE_USAGE_TYPE_XREF,"1 qualifying call/slot-xref observation(s), unanimous usage id for this verified protocol type"
80234,0x57C93E8,7145,56473,GOEOJKJAIGF,,,,,,16,STABLE_USAGE_TYPE_XREF,"1 qualifying call/slot-xref observation(s), unanimous usage id for this verified protocol type"
106390,0x57F5668,7210,16709,KKFIJPKCMIH,,,,,,16,STABLE_USAGE_TYPE_XREF,"1 qualifying call/slot-xref observation(s), unanimous usage id for this verified protocol type"
140300,0x57F5670,7214,22276,LDMIAFEJKKP,,,,,,16,STABLE_USAGE_TYPE_XREF,"1 qualifying call/slot-xref observation(s), unanimous usage id for this verified protocol type"
36902,0x57D5570,7222,73520,BGMAMABGCGI,,,,,,16,STABLE_USAGE_TYPE_XREF,"1 qualifying call/slot-xref observation(s), unanimous usage id for this verified protocol type"
175509,0x57EB678,7226,50474,LLLBPMOGANH,,,,,,16,STABLE_USAGE_TYPE_XREF,"1 qualifying call/slot-xref observation(s), unanimous usage id for this verified protocol type"
64109,0x57F0328,7294,54804,FDEDFDHHGID,,,,,,16,STABLE_USAGE_TYPE_XREF,"1 qualifying call/slot-xref observation(s), unanimous usage id for this verified protocol type"
85120,0x57F56B8,7302,52612,HBMHJBKBDIP,,,,,,16,STABLE_USAGE_TYPE_XREF,"1 qualifying call/slot-xref observation(s), unanimous usage id for this verified protocol type"
108860,0x57F56F8,7335,36573,LDBGBKNNBLK,,,,,,29,STABLE_USAGE_TYPE_XREF,"1 qualifying call/slot-xref observation(s), unanimous usage id for this verified protocol type"
33439,0x57D1500,7433,88414,BKNDGNNGHKO,,,,,,12,STABLE_USAGE_TYPE_XREF,"1 qualifying call/slot-xref observation(s), unanimous usage id for this verified protocol type"
18056,0x57AF9B8,7487,15575,ABEJFGAPANH,,,,,,101,STABLE_USAGE_TYPE_XREF,"1 qualifying call/slot-xref observation(s), unanimous usage id for this verified protocol type"
117710,0x57F5820,7638,33775,MBABEMAMDEM,,,,,,16,STABLE_USAGE_TYPE_XREF,"1 qualifying call/slot-xref observation(s), unanimous usage id for this verified protocol type"
74901,0x57F5848,7649,79861,HECGHHCMEJL,,,,,,68,STABLE_USAGE_TYPE_XREF,"1 qualifying call/slot-xref observation(s), unanimous usage id for this verified protocol type"
166322,0x57F5888,7676,19110,NHNMLJHPMNC,,,,,,87,STABLE_USAGE_TYPE_XREF,"1 qualifying call/slot-xref observation(s), unanimous usage id for this verified protocol type"
133005,0x57F5900,7778,84657,LHCLLLAMEME,,,,,,29,STABLE_USAGE_TYPE_XREF,"1 qualifying call/slot-xref observation(s), unanimous usage id for this verified protocol type"
70417,0x57F5A48,8105,12632,EFPILLLHFJC,,,,,,29,STABLE_USAGE_TYPE_XREF,"1 qualifying call/slot-xref observation(s), unanimous usage id for this verified protocol type"
187592,0x57F5AB0,8227,57011,PGDALPGNGCA,,,,,,16,STABLE_USAGE_TYPE_XREF,"1 qualifying call/slot-xref observation(s), unanimous usage id for this verified protocol type"
158386,0x57F5B10,8312,85535,MAIMKDHLDLF,,,,,,29,STABLE_USAGE_TYPE_XREF,"1 qualifying call/slot-xref observation(s), unanimous usage id for this verified protocol type"
163455,0x57F5B58,8355,17788,PDLJOOPKJKP,,,,,,29,STABLE_USAGE_TYPE_XREF,"1 qualifying call/slot-xref observation(s), unanimous usage id for this verified protocol type"
159110,0x57C7010,8557,51385,MMMBAAKJIBK,,,,,,16,STABLE_USAGE_TYPE_XREF,"1 qualifying call/slot-xref observation(s), unanimous usage id for this verified protocol type"
150093,0x57F5C30,8578,38367,MHILDIGIGJB,,,,,,16,STABLE_USAGE_TYPE_XREF,"1 qualifying call/slot-xref observation(s), unanimous usage id for this verified protocol type"
54185,0x57E6B58,8593,42546,EEEGHDDJODD,,,,,,16,STABLE_USAGE_TYPE_XREF,"1 qualifying call/slot-xref observation(s), unanimous usage id for this verified protocol type"
89410,0x57F5C50,8597,57522,IEAGMNGJFAO,,,,,,16,STABLE_USAGE_TYPE_XREF,"1 qualifying call/slot-xref observation(s), unanimous usage id for this verified protocol type"
53005,0x57E5A30,8604,57596,DOABAJDLKME,,,,,,12,STABLE_USAGE_TYPE_XREF,"1 qualifying call/slot-xref observation(s), unanimous usage id for this verified protocol type"
188771,0x57F5C80,8678,82409,NCEOLMKDOJC,,,,,,29,STABLE_USAGE_TYPE_XREF,"1 qualifying call/slot-xref observation(s), unanimous usage id for this verified protocol type"
22404,0x57B5968,8719,17941,AJKBPGDKJPK,,,,,,16,STABLE_USAGE_TYPE_XREF,"1 qualifying call/slot-xref observation(s), unanimous usage id for this verified protocol type"
103331,0x57F5CA0,8730,83453,KAILJBKNPGF,,,,,,29,STABLE_USAGE_TYPE_XREF,"1 qualifying call/slot-xref observation(s), unanimous usage id for this verified protocol type"
91794,0x57F5CA8,8748,33654,HNEHHIPGHAA,,,,,,126,STABLE_USAGE_TYPE_XREF,"1 qualifying call/slot-xref observation(s), unanimous usage id for this verified protocol type"
122978,0x57F5CE8,8786,61935,JHMGPPKIMKA,,,,,,16,STABLE_USAGE_TYPE_XREF,"1 qualifying call/slot-xref observation(s), unanimous usage id for this verified protocol type"
61583,0x57EE4A0,8790,41031,FACLKAOMNHM,,,,,,115,STABLE_USAGE_TYPE_XREF,"1 qualifying call/slot-xref observation(s), unanimous usage id for this verified protocol type"
90918,0x57F5D78,8900,32929,IEOMEOIENOK,,,,,,16,STABLE_USAGE_TYPE_XREF,"1 qualifying call/slot-xref observation(s), unanimous usage id for this verified protocol type"
54378,0x57E6DB8,9006,24958,CDOMFJFCJIP,,,,,,16,STABLE_USAGE_TYPE_XREF,"1 qualifying call/slot-xref observation(s), unanimous usage id for this verified protocol type"
37739,0x57D6AA0,9021,37508,CGDMCDEBJLH,,,,,,16,STABLE_USAGE_TYPE_XREF,"1 qualifying call/slot-xref observation(s), unanimous usage id for this verified protocol type"
173339,0x57F5E10,9071,17450,OFIPPCNHCJG,,,,,,29,STABLE_USAGE_TYPE_XREF,"1 qualifying call/slot-xref observation(s), unanimous usage id for this verified protocol type"
45122,0x57DE200,9075,30282,CFIBCJDEGMJ,,,,,,29,STABLE_USAGE_TYPE_XREF,"1 qualifying call/slot-xref observation(s), unanimous usage id for this verified protocol type"
126828,0x57B3F30,9141,28612,LHENKLHGMCH,,,,,,126,STABLE_USAGE_TYPE_XREF,"1 qualifying call/slot-xref observation(s), unanimous usage id for this verified protocol type"
22049,0x57B50C8,9179,59474,AJAEONMGGAN,,,,,,29,STABLE_USAGE_TYPE_XREF,"1 qualifying call/slot-xref observation(s), unanimous usage id for this verified protocol type"
87342,0x57F5EA8,9237,16591,HLKBIFLIBIF,,,,,,16,STABLE_USAGE_TYPE_XREF,"1 qualifying call/slot-xref observation(s), unanimous usage id for this verified protocol type"
105295,0x57F5F08,9315,49660,IGCEBDBADMB,,,,,,29,STABLE_USAGE_TYPE_XREF,"1 qualifying call/slot-xref observation(s), unanimous usage id for this verified protocol type"
115447,0x57F5FA8,9426,23250,JOEFJDKNIMM,,,,,,12,STABLE_USAGE_TYPE_XREF,"1 qualifying call/slot-xref observation(s), unanimous usage id for this verified protocol type"
33937,0x57D1BC0,9435,44104,CEPIFDHDMKA,,,,,,126,STABLE_USAGE_TYPE_XREF,"1 qualifying call/slot-xref observation(s), unanimous usage id for this verified protocol type"
182402,0x57F5FC0,9457,59716,PGCLAFLNPFP,,,,,,115,STABLE_USAGE_TYPE_XREF,"1 qualifying call/slot-xref observation(s), unanimous usage id for this verified protocol type"
166793,0x57F5FE8,9509,58423,PGBEFHAGKNI,,,,,,16,STABLE_USAGE_TYPE_XREF,"1 qualifying call/slot-xref observation(s), unanimous usage id for this verified protocol type"
73734,0x57F6020,9563,31962,ENJCAMGNKMF,,,,,,16,STABLE_USAGE_TYPE_XREF,"1 qualifying call/slot-xref observation(s), unanimous usage id for this verified protocol type"
105875,0x57E6E00,9574,52459,IEAPBONNMFK,,,,,,12,STABLE_USAGE_TYPE_XREF,"1 qualifying call/slot-xref observation(s), unanimous usage id for this verified protocol type"
23641,0x57C5F40,9597,33075,ANKHNGFCNOC,,,,,,29,STABLE_USAGE_TYPE_XREF,"1 qualifying call/slot-xref observation(s), unanimous usage id for this verified protocol type"
140196,0x57F6050,9601,62382,LEJFMGJBHOA,,,,,,115,STABLE_USAGE_TYPE_XREF,"1 qualifying call/slot-xref observation(s), unanimous usage id for this verified protocol type"
79563,0x57F6060,9613,76907,GMKGAHNKOLA,,,,,,16,STABLE_USAGE_TYPE_XREF,"1 qualifying call/slot-xref observation(s), unanimous usage id for this verified protocol type"
164536,0x57F6070,9640,13649,PFINFBHOJAP,,,,,,29,STABLE_USAGE_TYPE_XREF,"1 qualifying call/slot-xref observation(s), unanimous usage id for this verified protocol type"
105552,0x57F60A0,9667,47198,JDDMEKNCALC,,,,,,29,STABLE_USAGE_TYPE_XREF,"1 qualifying call/slot-xref observation(s), unanimous usage id for this verified protocol type"
66001,0x57F1CD8,9735,80319,FGIMCABHADP,,,,,,29,STABLE_USAGE_TYPE_XREF,"1 qualifying call/slot-xref observation(s), unanimous usage id for this verified protocol type"
168938,0x57F6120,9770,83120,PKBCPECMEKP,,,,,,16,STABLE_USAGE_TYPE_XREF,"1 qualifying call/slot-xref observation(s), unanimous usage id for this verified protocol type"
106961,0x57F6128,9779,61855,IOGBLFLPKIA,,,,,,16,STABLE_USAGE_TYPE_XREF,"1 qualifying call/slot-xref observation(s), unanimous usage id for this verified protocol type"
86642,0x57F6130,9782,40074,IEBBLLEGJKP,,,,,,16,STABLE_USAGE_TYPE_XREF,"1 qualifying call/slot-xref observation(s), unanimous usage id for this verified protocol type"
178863,0x57F61A8,9850,84509,OKJPFKCHMLK,,,,,,16,STABLE_USAGE_TYPE_XREF,"1 qualifying call/slot-xref observation(s), unanimous usage id for this verified protocol type"
79236,0x57F61C8,9879,11928,HGKMANFJHAD,,,,,,16,STABLE_USAGE_TYPE_XREF,"1 qualifying call/slot-xref observation(s), unanimous usage id for this verified protocol type"
108745,0x57F61F0,9913,17712,KBMFPCOFGLO,,,,,,29,STABLE_USAGE_TYPE_XREF,"1 qualifying call/slot-xref observation(s), unanimous usage id for this verified protocol type"
115070,0x57F6218,9946,69944,LDNHAMNMKOD,,,,,,65,STABLE_USAGE_TYPE_XREF,"1 qualifying call/slot-xref observation(s), unanimous usage id for this verified protocol type"
130076,0x57F6240,9975,62403,MNCPGFGNHNH,,,,,,16,STABLE_USAGE_TYPE_XREF,"1 qualifying call/slot-xref observation(s), unanimous usage id for this verified protocol type"
75913,0x57F6258,9988,64504,GBFNPGKFELK,,,,,,64,STABLE_USAGE_TYPE_XREF,"1 qualifying call/slot-xref observation(s), unanimous usage id for this verified protocol type"
167154,0x57F6280,20026,59698,KKFJNFDCFMO,,,,,,16,STABLE_USAGE_TYPE_XREF,"1 qualifying call/slot-xref observation(s), unanimous usage id for this verified protocol type"
39689,0x57D89B8,20117,87812,CKAHPCKMJPL,,,,,,119,STABLE_USAGE_TYPE_XREF,"1 qualifying call/slot-xref observation(s), unanimous usage id for this verified protocol type"
76748,0x57F6340,20153,60131,HBMIGDCODHI,,,,,,16,STABLE_USAGE_TYPE_XREF,"1 qualifying call/slot-xref observation(s), unanimous usage id for this verified protocol type"
173221,0x57F63B8,20272,20015,PGIBNGLFOFG,,,,,,16,STABLE_USAGE_TYPE_XREF,"1 qualifying call/slot-xref observation(s), unanimous usage id for this verified protocol type"
103529,0x57F63F0,20333,26630,IHCIOLJBCDJ,,,,,,16,STABLE_USAGE_TYPE_XREF,"1 qualifying call/slot-xref observation(s), unanimous usage id for this verified protocol type"
123404,0x57F6418,20382,48627,LIIBANNFCDB,,,,,,16,STABLE_USAGE_TYPE_XREF,"1 qualifying call/slot-xref observation(s), unanimous usage id for this verified protocol type"
116211,0x57F6420,20388,16576,JHCLDLNDNHC,,,,,,16,STABLE_USAGE_TYPE_XREF,"1 qualifying call/slot-xref observation(s), unanimous usage id for this verified protocol type"
183029,0x57F6428,20390,59691,PABLEPEOBAP,,,,,,29,STABLE_USAGE_TYPE_XREF,"1 qualifying call/slot-xref observation(s), unanimous usage id for this verified protocol type"
26066,0x57C9060,20445,67140,BDOBKCBPPIP,,,,,,12,STABLE_USAGE_TYPE_XREF,"1 qualifying call/slot-xref observation(s), unanimous usage id for this verified protocol type"
182064,0x57F64B8,20465,49035,OCOMENAKIAH,,,,,,62,STABLE_USAGE_TYPE_XREF,"1 qualifying call/slot-xref observation(s), unanimous usage id for this verified protocol type"
75382,0x57F64D0,20480,20490,GAHPNHFFKOD,,,,,,16,STABLE_USAGE_TYPE_XREF,"1 qualifying call/slot-xref observation(s), unanimous usage id for this verified protocol type"
89142,0x57F64D8,20484,20805,GIIGDONJFPJ,,,,,,16,STABLE_USAGE_TYPE_XREF,"1 qualifying call/slot-xref observation(s), unanimous usage id for this verified protocol type"
153079,0x57F6548,20600,81049,NPAMOBNJDOI,,,,,,32,STABLE_USAGE_TYPE_XREF,"1 qualifying call/slot-xref observation(s), unanimous usage id for this verified protocol type"
107456,0x57F6568,20621,70762,KIBFGMOOICE,,,,,,12,STABLE_USAGE_TYPE_XREF,"1 qualifying call/slot-xref observation(s), unanimous usage id for this verified protocol type"
20592,0x57B3278,20675,51298,AGNFPPGHNDB,,,,,,29,STABLE_USAGE_TYPE_XREF,"1 qualifying call/slot-xref observation(s), unanimous usage id for this verified protocol type"
17477,0x57AE560,20737,81682,AAGMPCLDLEN,,,,,,16,STABLE_USAGE_TYPE_XREF,"1 qualifying call/slot-xref observation(s), unanimous usage id for this verified protocol type"
56050,0x57E90E8,20802,42773,EDMOCMPHHAK,,,,,,12,STABLE_USAGE_TYPE_XREF,"1 qualifying call/slot-xref observation(s), unanimous usage id for this verified protocol type"
77920,0x57F6670,20842,26886,GKIFJIMCPBL,,,,,,16,STABLE_USAGE_TYPE_XREF,"1 qualifying call/slot-xref observation(s), unanimous usage id for this verified protocol type"
182950,0x57F6690,20869,42241,OPOMHODNKJE,,,,,,16,STABLE_USAGE_TYPE_XREF,"1 qualifying call/slot-xref observation(s), unanimous usage id for this verified protocol type"
110840,0x57F66A0,20872,42024,LBAOHJDLMHA,,,,,,16,STABLE_USAGE_TYPE_XREF,"1 qualifying call/slot-xref observation(s), unanimous usage id for this verified protocol type"
73825,0x57F66D0,20896,62736,HDHEBGDMIDB,,,,,,16,STABLE_USAGE_TYPE_XREF,"1 qualifying call/slot-xref observation(s), unanimous usage id for this verified protocol type"
22313,0x57B5690,20910,86149,ALGMFLOMBIA,,,,,,16,STABLE_USAGE_TYPE_XREF,"1 qualifying call/slot-xref observation(s), unanimous usage id for this verified protocol type"
152234,0x57F6750,21004,14593,MLDGGGLIBLJ,,,,,,16,STABLE_USAGE_TYPE_XREF,"1 qualifying call/slot-xref observation(s), unanimous usage id for this verified protocol type"
64460,0x57F0808,21040,71870,FDDGGGNGMKP,,,,,,16,STABLE_USAGE_TYPE_XREF,"1 qualifying call/slot-xref observation(s), unanimous usage id for this verified protocol type"
106818,0x57F67B0,21086,87015,INKOEAENILA,,,,,,64,STABLE_USAGE_TYPE_XREF,"1 qualifying call/slot-xref observation(s), unanimous usage id for this verified protocol type"
79893,0x57F67F0,21122,64610,GIPJMJJFEKM,,,,,,29,STABLE_USAGE_TYPE_XREF,"1 qualifying call/slot-xref observation(s), unanimous usage id for this verified protocol type"
105727,0x57F6868,21210,79569,KECINGCAOIO,,,,,,12,STABLE_USAGE_TYPE_XREF,"1 qualifying call/slot-xref observation(s), unanimous usage id for this verified protocol type"
21578,0x57B47F8,21302,70883,AGFDHNAFLBL,,,,,,16,STABLE_USAGE_TYPE_XREF,"1 qualifying call/slot-xref observation(s), unanimous usage id for this verified protocol type"
70747,0x57F68B8,21312,78394,FGIDLEPIPAG,,,,,,16,STABLE_USAGE_TYPE_XREF,"1 qualifying call/slot-xref observation(s), unanimous usage id for this verified protocol type"
99453,0x57F6920,21395,15017,IGJNGHIBPGI,,,,,,16,STABLE_USAGE_TYPE_XREF,"1 qualifying call/slot-xref observation(s), unanimous usage id for this verified protocol type"
20696,0x57B34B8,21414,37651,AGPKPEPBMDF,,,,,,12,STABLE_USAGE_TYPE_XREF,"1 qualifying call/slot-xref observation(s), unanimous usage id for this verified protocol type"
73663,0x57F6940,21423,57773,GJAKKOEIPOK,,,,,,29,STABLE_USAGE_TYPE_XREF,"1 qualifying call/slot-xref observation(s), unanimous usage id for this verified protocol type"
73379,0x57F6950,21436,15237,FOGJAJADOGP,,,,,,16,STABLE_USAGE_TYPE_XREF,"1 qualifying call/slot-xref observation(s), unanimous usage id for this verified protocol type"
78102,0x57F69C0,21535,81193,GGMNLFMAGLL,,,,,,29,STABLE_USAGE_TYPE_XREF,"1 qualifying call/slot-xref observation(s), unanimous usage id for this verified protocol type"
39407,0x57D8408,21541,43079,CFDHAKHFEBC,,,,,,16,STABLE_USAGE_TYPE_XREF,"1 qualifying call/slot-xref observation(s), unanimous usage id for this verified protocol type"
178112,0x57F69E0,21546,59700,LNPOPFIMKCF,,,,,,16,STABLE_USAGE_TYPE_XREF,"1 qualifying call/slot-xref observation(s), unanimous usage id for this verified protocol type"
18021,0x57AF798,21552,52890,ACLIOLNDKPN,,,,,,16,STABLE_USAGE_TYPE_XREF,"1 qualifying call/slot-xref observation(s), unanimous usage id for this verified protocol type"
105646,0x57F6A08,21629,45076,KHONCMLPEBO,,,,,,16,STABLE_USAGE_TYPE_XREF,"1 qualifying call/slot-xref observation(s), unanimous usage id for this verified protocol type"
25747,0x57C89E8,21801,63103,BAMJGGCALOL,,,,,,16,STABLE_USAGE_TYPE_XREF,"1 qualifying call/slot-xref observation(s), unanimous usage id for this verified protocol type"
33886,0x57D1C58,21898,36255,CBPBKEHIEDN,,,,,,29,STABLE_USAGE_TYPE_XREF,"1 qualifying call/slot-xref observation(s), unanimous usage id for this verified protocol type"
110667,0x57F6B78,22009,30995,LEAKHHCDNKA,,,,,,12,STABLE_USAGE_TYPE_XREF,"1 qualifying call/slot-xref observation(s), unanimous usage id for this verified protocol type"
63187,0x57EF6A8,22026,61710,EMADNEIGBGE,,,,,,16,STABLE_USAGE_TYPE_XREF,"1 qualifying call/slot-xref observation(s), unanimous usage id for this verified protocol type"
54200,0x57E6BA0,22054,27628,EEJAFALADJN,,,,,,29,STABLE_USAGE_TYPE_XREF,"1 qualifying call/slot-xref observation(s), unanimous usage id for this verified protocol type"
96150,0x57F6BE8,22086,42969,HGGENKDLBAA,,,,,,16,STABLE_USAGE_TYPE_XREF,"1 qualifying call/slot-xref observation(s), unanimous usage id for this verified protocol type"
119123,0x57C75A0,22096,75928,MCNOCPIDJGF,,,,,,31,STABLE_USAGE_TYPE_XREF,"1 qualifying call/slot-xref observation(s), unanimous usage id for this verified protocol type"
157919,0x57F6C18,22111,13312,ONJHHOPOIFA,,,,,,29,STABLE_USAGE_TYPE_XREF,"1 qualifying call/slot-xref observation(s), unanimous usage id for this verified protocol type"
24621,0x57C7488,22137,55738,AOHEOHNHJID,,,,,,29,STABLE_USAGE_TYPE_XREF,"1 qualifying call/slot-xref observation(s), unanimous usage id for this verified protocol type"
49945,0x57E2818,22160,43512,EDFKOABLPOE,,,,,,29,STABLE_USAGE_TYPE_XREF,"1 qualifying call/slot-xref observation(s), unanimous usage id for this verified protocol type"
20025,0x57B2730,22180,14673,AHGIGABHEAC,,,,,,16,STABLE_USAGE_TYPE_XREF,"1 qualifying call/slot-xref observation(s), unanimous usage id for this verified protocol type"
160173,0x57F6CA0,22244,43284,MEDPJMMDOMH,,,,,,12,STABLE_USAGE_TYPE_XREF,"1 qualifying call/slot-xref observation(s), unanimous usage id for this verified protocol type"
82744,0x57F6CD0,22291,68884,HKIIIHLFGED,,,,,,27,STABLE_USAGE_TYPE_XREF,"1 qualifying call/slot-xref observation(s), unanimous usage id for this verified protocol type"
80865,0x57F6D28,22395,66504,IBCJKEJJLNL,,,,,,64,STABLE_USAGE_TYPE_XREF,"1 qualifying call/slot-xref observation(s), unanimous usage id for this verified protocol type"
78363,0x57F6D50,22444,62651,GKPPACHOKID,,,,,,29,STABLE_USAGE_TYPE_XREF,"1 qualifying call/slot-xref observation(s), unanimous usage id for this verified protocol type"
75511,0x57F6D78,22462,38953,GCMIGJKDPEM,,,,,,12,STABLE_USAGE_TYPE_XREF,"1 qualifying call/slot-xref observation(s), unanimous usage id for this verified protocol type"
79003,0x57F6DC0,22513,15058,GHDGFCGGFDJ,,,,,,16,STABLE_USAGE_TYPE_XREF,"1 qualifying call/slot-xref observation(s), unanimous usage id for this verified protocol type"
183370,0x57F6DF0,22528,84116,MPEODPCOPNG,,,,,,16,STABLE_USAGE_TYPE_XREF,"1 qualifying call/slot-xref observation(s), unanimous usage id for this verified protocol type"
70680,0x57F6E50,22641,85313,EOFJNJLFPHK,,,,,,16,STABLE_USAGE_TYPE_XREF,"1 qualifying call/slot-xref observation(s), unanimous usage id for this verified protocol type"
85508,0x57F6E58,22647,58407,IBEPPIDJMAC,,,,,,16,STABLE_USAGE_TYPE_XREF,"1 qualifying call/slot-xref observation(s), unanimous usage id for this verified protocol type"
129940,0x57F6E68,22659,43401,KFHIKBAODJO,,,,,,29,STABLE_USAGE_TYPE_XREF,"1 qualifying call/slot-xref observation(s), unanimous usage id for this verified protocol type"
128828,0x57F6E78,22667,47311,JKOAPCDGGPO,,,,,,16,STABLE_USAGE_TYPE_XREF,"1 qualifying call/slot-xref observation(s), unanimous usage id for this verified protocol type"
191068,0x57F6EC8,22730,15000,PIFECHJKELN,,,,,,16,STABLE_USAGE_TYPE_XREF,"1 qualifying call/slot-xref observation(s), unanimous usage id for this verified protocol type"
75342,0x57F6EF8,22769,44632,GNECGMDNNAA,,,,,,16,STABLE_USAGE_TYPE_XREF,"1 qualifying call/slot-xref observation(s), unanimous usage id for this verified protocol type"
106840,0x57B5620,23138,36718,KCPKMHLKNPJ,,,,,,16,STABLE_USAGE_TYPE_XREF,"1 qualifying call/slot-xref observation(s), unanimous usage id for this verified protocol type"
124049,0x57F7098,23212,48777,JJNABJPGHCD,,,,,,16,STABLE_USAGE_TYPE_XREF,"1 qualifying call/slot-xref observation(s), unanimous usage id for this verified protocol type"
110806,0x57F7100,23293,21200,JLGGBHFGBDK,,,,,,16,STABLE_USAGE_TYPE_XREF,"1 qualifying call/slot-xref observation(s), unanimous usage id for this verified protocol type"
187030,0x57F7108,23294,45470,POBJMODDCJJ,,,,,,29,STABLE_USAGE_TYPE_XREF,"1 qualifying call/slot-xref observation(s), unanimous usage id for this verified protocol type"
52542,0x57E5278,23366,30111,DKJCMHENKAI,,,,,,16,STABLE_USAGE_TYPE_XREF,"1 qualifying call/slot-xref observation(s), unanimous usage id for this verified protocol type"
37658,0x57D6940,23426,55445,CABPOBJGHFD,,,,,,29,STABLE_USAGE_TYPE_XREF,"1 qualifying call/slot-xref observation(s), unanimous usage id for this verified protocol type"
42773,0x57DC058,23432,88893,DGFIBDNMDNP,,,,,,29,STABLE_USAGE_TYPE_XREF,"1 qualifying call/slot-xref observation(s), unanimous usage id for this verified protocol type"
37368,0x57D5E58,23440,79396,CKMMLIAJPFL,,,,,,16,STABLE_USAGE_TYPE_XREF,"1 qualifying call/slot-xref observation(s), unanimous usage id for this verified protocol type"
150230,0x57F71B0,23475,49605,NMEJGJMEJKL,,,,,,29,STABLE_USAGE_TYPE_XREF,"1 qualifying call/slot-xref observation(s), unanimous usage id for this verified protocol type"
71995,0x57F71C0,23484,44822,GDPPNDHEPHN,,,,,,16,STABLE_USAGE_TYPE_XREF,"1 qualifying call/slot-xref observation(s), unanimous usage id for this verified protocol type"
122796,0x57F71D8,23502,51961,KPAPOHFNAHD,,,,,,126,STABLE_USAGE_TYPE_XREF,"1 qualifying call/slot-xref observation(s), unanimous usage id for this verified protocol type"
64080,0x57F02D0,23631,80224,FOJNCJINLBK,,,,,,16,STABLE_USAGE_TYPE_XREF,"1 qualifying call/slot-xref observation(s), unanimous usage id for this verified protocol type"
170364,0x57F7298,23674,22498,KPOFGBDMBFC,,,,,,29,STABLE_USAGE_TYPE_XREF,"1 qualifying call/slot-xref observation(s), unanimous usage id for this verified protocol type"
64161,0x57F03F0,23698,39466,FDFHNKAIDJO,,,,,,16,STABLE_USAGE_TYPE_XREF,"1 qualifying call/slot-xref observation(s), unanimous usage id for this verified protocol type"
92994,0x57F72F0,23761,18887,HCKONIOCFLJ,,,,,,16,STABLE_USAGE_TYPE_XREF,"1 qualifying call/slot-xref observation(s), unanimous usage id for this verified protocol type"
189553,0x57F72F8,23762,17917,OBLKJNFMAKF,,,,,,16,STABLE_USAGE_TYPE_XREF,"1 qualifying call/slot-xref observation(s), unanimous usage id for this verified protocol type"
187498,0x57F7338,23852,18405,PFPPDCFHDJG,,,,,,16,STABLE_USAGE_TYPE_XREF,"1 qualifying call/slot-xref observation(s), unanimous usage id for this verified protocol type"
166411,0x57F7358,23887,74108,PFANIGCEICP,,,,,,16,STABLE_USAGE_TYPE_XREF,"1 qualifying call/slot-xref observation(s), unanimous usage id for this verified protocol type"
149762,0x57F7368,23900,86108,MGNMEJKNCDF,,,,,,16,STABLE_USAGE_TYPE_XREF,"1 qualifying call/slot-xref observation(s), unanimous usage id for this verified protocol type"
146129,0x57F7410,24069,59410,LFKEOFFCNND,,,,,,29,STABLE_USAGE_TYPE_XREF,"1 qualifying call/slot-xref observation(s), unanimous usage id for this verified protocol type"
189420,0x57F7418,24075,62335,NIEBNFODHNH,,,,,,16,STABLE_USAGE_TYPE_XREF,"1 qualifying call/slot-xref observation(s), unanimous usage id for this verified protocol type"
25399,0x57C8398,24121,50768,AMCDEPKIMEO,,,,,,88,STABLE_USAGE_TYPE_XREF,"1 qualifying call/slot-xref observation(s), unanimous usage id for this verified protocol type"
88050,0x57F7490,24197,41122,IMKBMAGLCIH,,,,,,16,STABLE_USAGE_TYPE_XREF,"1 qualifying call/slot-xref observation(s), unanimous usage id for this verified protocol type"
20098,0x57B28E0,24224,40155,AHFCHBBCAPO,,,,,,12,STABLE_USAGE_TYPE_XREF,"1 qualifying call/slot-xref observation(s), unanimous usage id for this verified protocol type"
159123,0x57F74F8,24317,22724,MMNAFFLPMPJ,,,,,,16,STABLE_USAGE_TYPE_XREF,"1 qualifying call/slot-xref observation(s), unanimous usage id for this verified protocol type"
156320,0x57F7528,24341,30093,JCNAHKMILJG,,,,,,16,STABLE_USAGE_TYPE_XREF,"1 qualifying call/slot-xref observation(s), unanimous usage id for this verified protocol type"
99923,0x57F7530,24350,83470,JMLGJNIOCBK,,,,,,29,STABLE_USAGE_TYPE_XREF,"1 qualifying call/slot-xref observation(s), unanimous usage id for this verified protocol type"
172981,0x57AF2D8,24366,24375,NGOFAIFHPAN,,,,,,16,STABLE_USAGE_TYPE_XREF,"1 qualifying call/slot-xref observation(s), unanimous usage id for this verified protocol type"
69571,0x57F75C0,24434,61838,FFGAEMJPHEL,,,,,,115,STABLE_USAGE_TYPE_XREF,"1 qualifying call/slot-xref observation(s), unanimous usage id for this verified protocol type"
43140,0x57DC560,24480,33068,CODGPMIBFNL,,,,,,117,STABLE_USAGE_TYPE_XREF,"1 qualifying call/slot-xref observation(s), unanimous usage id for this verified protocol type"
132927,0x57F7678,24619,18539,KNPFEANHEMA,,,,,,27,STABLE_USAGE_TYPE_XREF,"1 qualifying call/slot-xref observation(s), unanimous usage id for this verified protocol type"
129852,0x57F7690,24627,63157,LLJAHLPABMD,,,,,,16,STABLE_USAGE_TYPE_XREF,"1 qualifying call/slot-xref observation(s), unanimous usage id for this verified protocol type"
150745,0x57F2168,24716,51996,MJGDPMFNEGK,,,,,,117,STABLE_USAGE_TYPE_XREF,"1 qualifying call/slot-xref observation(s), unanimous usage id for this verified protocol type"
177619,0x57F7750,24809,66996,NJNLMFOOEDC,,,,,,16,STABLE_USAGE_TYPE_XREF,"1 qualifying call/slot-xref observation(s), unanimous usage id for this verified protocol type"
177874,0x57F7760,24819,78971,NOOHCOBIPCD,,,,,,68,STABLE_USAGE_TYPE_XREF,"1 qualifying call/slot-xref observation(s), unanimous usage id for this verified protocol type"
96771,0x57F77A8,24888,62838,JMIHHCHLGIC,,,,,,12,STABLE_USAGE_TYPE_XREF,"1 qualifying call/slot-xref observation(s), unanimous usage id for this verified protocol type"
19769,0x57B20A0,24913,81724,AEAOHNJNPGP,,,,,,16,STABLE_USAGE_TYPE_XREF,"1 qualifying call/slot-xref observation(s), unanimous usage id for this verified protocol type"
25667,0x57C8770,24932,16590,APMJLGNKBMO,,,,,,16,STABLE_USAGE_TYPE_XREF,"1 qualifying call/slot-xref observation(s), unanimous usage id for this verified protocol type"
161245,0x57F77D8,24973,76201,JLNFKBPAINH,,,,,,31,STABLE_USAGE_TYPE_XREF,"1 qualifying call/slot-xref observation(s), unanimous usage id for this verified protocol type"
22187,0x57B5460,25025,46616,AICJFGJLIKF,,,,,,83,STABLE_USAGE_TYPE_XREF,"1 qualifying call/slot-xref observation(s), unanimous usage id for this verified protocol type"
62048,0x57EE988,25147,65624,EIDMMAPGNDC,,,,,,128,STABLE_USAGE_TYPE_XREF,"1 qualifying call/slot-xref observation(s), unanimous usage id for this verified protocol type"
23858,0x57C64D8,25175,71824,AKHFLIEGLDE,,,,,,16,STABLE_USAGE_TYPE_XREF,"1 qualifying call/slot-xref observation(s), unanimous usage id for this verified protocol type"
31586,0x57CF228,25214,84886,CAGEHFLCHEP,,,,,,16,STABLE_USAGE_TYPE_XREF,"1 qualifying call/slot-xref observation(s), unanimous usage id for this verified protocol type"
24705,0x57C76B8,25227,68315,AOKKMDOKCFA,,,,,,16,STABLE_USAGE_TYPE_XREF,"1 qualifying call/slot-xref observation(s), unanimous usage id for this verified protocol type"
131253,0x57F78C8,25233,85886,LMNMBGBILMF,,,,,,16,STABLE_USAGE_TYPE_XREF,"1 qualifying call/slot-xref observation(s), unanimous usage id for this verified protocol type"
106792,0x57F7900,25277,86732,IOALOCDOLNC,,,,,,16,STABLE_USAGE_TYPE_XREF,"1 qualifying call/slot-xref observation(s), unanimous usage id for this verified protocol type"
176784,0x57F7910,25297,25195,LPJMCGLHODJ,,,,,,16,STABLE_USAGE_TYPE_XREF,"1 qualifying call/slot-xref observation(s), unanimous usage id for this verified protocol type"
64297,0x57CFD28,25298,64844,DJOOKDOCCOF,,,,,,16,STABLE_USAGE_TYPE_XREF,"1 qualifying call/slot-xref observation(s), unanimous usage id for this verified protocol type"
112938,0x57F7930,25312,79056,LIIGONALLBB,,,,,,16,STABLE_USAGE_TYPE_XREF,"1 qualifying call/slot-xref observation(s), unanimous usage id for this verified protocol type"
83401,0x57F7938,25313,17963,HGNKFJOBGKK,,,,,,29,STABLE_USAGE_TYPE_XREF,"1 qualifying call/slot-xref observation(s), unanimous usage id for this verified protocol type"
154318,0x57F7988,25358,45829,JLCFDFCJOHO,,,,,,16,STABLE_USAGE_TYPE_XREF,"1 qualifying call/slot-xref observation(s), unanimous usage id for this verified protocol type"
25792,0x57C8B48,25380,67835,BDMGKPGEJFL,,,,,,115,STABLE_USAGE_TYPE_XREF,"1 qualifying call/slot-xref observation(s), unanimous usage id for this verified protocol type"
179331,0x57F7A20,25465,24657,NOEGCPHCKOO,,,,,,29,STABLE_USAGE_TYPE_XREF,"1 qualifying call/slot-xref observation(s), unanimous usage id for this verified protocol type"
21115,0x57B3CF8,25508,56826,AEOIPMHOAPB,,,,,,16,STABLE_USAGE_TYPE_XREF,"1 qualifying call/slot-xref observation(s), unanimous usage id for this verified protocol type"
189043,0x57EE4D8,25538,74313,PPFBGNHJIPE,,,,,,16,STABLE_USAGE_TYPE_XREF,"1 qualifying call/slot-xref observation(s), unanimous usage id for this verified protocol type"
179526,0x57F7AB8,25560,48201,PHHNPKEHPCM,,,,,,12,STABLE_USAGE_TYPE_XREF,"1 qualifying call/slot-xref observation(s), unanimous usage id for this verified protocol type"
190745,0x57F7B30,25632,28510,ONHJGKPFAOI,,,,,,16,STABLE_USAGE_TYPE_XREF,"1 qualifying call/slot-xref observation(s), unanimous usage id for this verified protocol type"
114015,0x57F7B50,25650,48626,LKACNOCAHKC,,,,,,16,STABLE_USAGE_TYPE_XREF,"1 qualifying call/slot-xref observation(s), unanimous usage id for this verified protocol type"
70780,0x57F7B68,25654,38995,FNOJJLIIMLA,,,,,,16,STABLE_USAGE_TYPE_XREF,"1 qualifying call/slot-xref observation(s), unanimous usage id for this verified protocol type"
115566,0x57F7B70,25660,79502,LLOBNIDOCFC,,,,,,29,STABLE_USAGE_TYPE_XREF,"1 qualifying call/slot-xref observation(s), unanimous usage id for this verified protocol type"
167459,0x57F7B80,25674,20599,KJIKGJGIEKK,,,,,,29,STABLE_USAGE_TYPE_XREF,"1 qualifying call/slot-xref observation(s), unanimous usage id for this verified protocol type"
97165,0x57F7BC8,25724,58013,JCMPFGJBLIB,,,,,,29,STABLE_USAGE_TYPE_XREF,"1 qualifying call/slot-xref observation(s), unanimous usage id for this verified protocol type"
110240,0x57F7C00,25747,61878,JDLACDJPNFK,,,,,,29,STABLE_USAGE_TYPE_XREF,"1 qualifying call/slot-xref observation(s), unanimous usage id for this verified protocol type"
65954,0x57F1C30,25748,64319,DPJCPDNPNOP,,,,,,16,STABLE_USAGE_TYPE_XREF,"1 qualifying call/slot-xref observation(s), unanimous usage id for this verified protocol type"
138884,0x57F7C08,25755,88323,LCFLHFHDCEM,,,,,,16,STABLE_USAGE_TYPE_XREF,"1 qualifying call/slot-xref observation(s), unanimous usage id for this verified protocol type"
124963,0x57F7C28,25775,36007,KJDADJEAGEA,,,,,,16,STABLE_USAGE_TYPE_XREF,"1 qualifying call/slot-xref observation(s), unanimous usage id for this verified protocol type"
32475,0x57D02E8,25794,25665,AKJDKALFHFF,,,,,,29,STABLE_USAGE_TYPE_XREF,"1 qualifying call/slot-xref observation(s), unanimous usage id for this verified protocol type"
39235,0x57D81B0,25876,62293,BLMNNPGIJIJ,,,,,,115,STABLE_USAGE_TYPE_XREF,"1 qualifying call/slot-xref observation(s), unanimous usage id for this verified protocol type"
69184,0x57F7CE0,25959,64690,FFFBKIKCAHA,,,,,,126,STABLE_USAGE_TYPE_XREF,"1 qualifying call/slot-xref observation(s), unanimous usage id for this verified protocol type"
102278,0x57F7CE8,25960,45752,KAFKLMMJCKF,,,,,,101,STABLE_USAGE_TYPE_XREF,"1 qualifying call/slot-xref observation(s), unanimous usage id for this verified protocol type"
157722,0x57F7D28,25986,60884,MJEKEPMCDFF,,,,,,16,STABLE_USAGE_TYPE_XREF,"1 qualifying call/slot-xref observation(s), unanimous usage id for this verified protocol type"
37802,0x57D6BC0,26016,84800,CBKFKMFMNHI,,,,,,16,STABLE_USAGE_TYPE_XREF,"1 qualifying call/slot-xref observation(s), unanimous usage id for this verified protocol type"
19079,0x57B1310,26018,83700,AEOGCMMLHNC,,,,,,25,STABLE_USAGE_TYPE_XREF,"1 qualifying call/slot-xref observation(s), unanimous usage id for this verified protocol type"
147868,0x57F7D50,26023,50464,MACCHCJDGKO,,,,,,16,STABLE_USAGE_TYPE_XREF,"1 qualifying call/slot-xref observation(s), unanimous usage id for this verified protocol type"
178523,0x57F7D60,26028,19026,POIGNNPDKFC,,,,,,12,STABLE_USAGE_TYPE_XREF,"1 qualifying call/slot-xref observation(s), unanimous usage id for this verified protocol type"
35302,0x57D3528,26050,29925,BBEHBKICHEN,,,,,,29,STABLE_USAGE_TYPE_XREF,"1 qualifying call/slot-xref observation(s), unanimous usage id for this verified protocol type"
48764,0x57E17A8,26162,16443,DFJDONDCEIN,,,,,,64,STABLE_USAGE_TYPE_XREF,"1 qualifying call/slot-xref observation(s), unanimous usage id for this verified protocol type"
82789,0x57F7E08,26199,48493,GMJOCCGAIIP,,,,,,16,STABLE_USAGE_TYPE_XREF,"1 qualifying call/slot-xref observation(s), unanimous usage id for this verified protocol type"
59293,0x57EC628,26213,42270,EEKFNMPNKOJ,,,,,,12,STABLE_USAGE_TYPE_XREF,"1 qualifying call/slot-xref observation(s), unanimous usage id for this verified protocol type"
119720,0x57F7E28,26244,86709,MAKJGMKOLOA,,,,,,29,STABLE_USAGE_TYPE_XREF,"1 qualifying call/slot-xref observation(s), unanimous usage id for this verified protocol type"
79127,0x57F7E98,26370,74302,GJDMLGGPJLL,,,,,,29,STABLE_USAGE_TYPE_XREF,"1 qualifying call/slot-xref observation(s), unanimous usage id for this verified protocol type"
136513,0x57F7EC8,26419,63758,LABKLLJAHLB,,,,,,126,STABLE_USAGE_TYPE_XREF,"1 qualifying call/slot-xref observation(s), unanimous usage id for this verified protocol type"
120484,0x57F7ED0,26421,35142,JLDLENKMJJJ,,,,,,16,STABLE_USAGE_TYPE_XREF,"1 qualifying call/slot-xref observation(s), unanimous usage id for this verified protocol type"
22393,0x57B5900,26478,67042,AJGCHCKJAAD,,,,,,29,STABLE_USAGE_TYPE_XREF,"1 qualifying call/slot-xref observation(s), unanimous usage id for this verified protocol type"
177488,0x57F7F58,26570,74676,MDDCCKHOKEG,,,,,,16,STABLE_USAGE_TYPE_XREF,"1 qualifying call/slot-xref observation(s), unanimous usage id for this verified protocol type"
150715,0x57F7F70,26580,50793,MAFJAEIEHBI,,,,,,12,STABLE_USAGE_TYPE_XREF,"1 qualifying call/slot-xref observation(s), unanimous usage id for this verified protocol type"
176147,0x57F7F90,26606,28022,PHNOLLFOOGD,,,,,,12,STABLE_USAGE_TYPE_XREF,"1 qualifying call/slot-xref observation(s), unanimous usage id for this verified protocol type"
93250,0x57F7FB0,26637,22171,HADCNIMLBDC,,,,,,125,STABLE_USAGE_TYPE_XREF,"1 qualifying call/slot-xref observation(s), unanimous usage id for this verified protocol type"
181542,0x57F8068,26777,35285,PDHLKEKBCLG,,,,,,29,STABLE_USAGE_TYPE_XREF,"1 qualifying call/slot-xref observation(s), unanimous usage id for this verified protocol type"
128360,0x57F8198,27056,59210,MKFFBPEIFBN,,,,,,29,STABLE_USAGE_TYPE_XREF,"1 qualifying call/slot-xref observation(s), unanimous usage id for this verified protocol type"
20466,0x57B3068,27164,49821,AEDNFGILBPB,,,,,,127,STABLE_USAGE_TYPE_XREF,"1 qualifying call/slot-xref observation(s), unanimous usage id for this verified protocol type"
49993,0x57E28D0,27174,22736,DKPNLAALJOL,,,,,,115,STABLE_USAGE_TYPE_XREF,"1 qualifying call/slot-xref observation(s), unanimous usage id for this verified protocol type"
72471,0x57F8300,27354,64825,EJLKNLCKPHL,,,,,,12,STABLE_USAGE_TYPE_XREF,"1 qualifying call/slot-xref observation(s), unanimous usage id for this verified protocol type"
104124,0x57F8310,27372,56744,KEEFDLKEKIO,,,,,,125,STABLE_USAGE_TYPE_XREF,"1 qualifying call/slot-xref observation(s), unanimous usage id for this verified protocol type"
26547,0x57C9810,27373,78411,BBLPPPNIEJM,,,,,,126,STABLE_USAGE_TYPE_XREF,"1 qualifying call/slot-xref observation(s), unanimous usage id for this verified protocol type"
176718,0x57F8358,27416,41497,POLIHMKMHNP,,,,,,16,STABLE_USAGE_TYPE_XREF,"1 qualifying call/slot-xref observation(s), unanimous usage id for this verified protocol type"
44282,0x57DD4E0,27624,20864,DAGCJKIOJCD,,,,,,16,STABLE_USAGE_TYPE_XREF,"1 qualifying call/slot-xref observation(s), unanimous usage id for this verified protocol type"
34214,0x57D2188,27645,70991,CBFKJANAKOM,,,,,,16,STABLE_USAGE_TYPE_XREF,"1 qualifying call/slot-xref observation(s), unanimous usage id for this verified protocol type"
59672,0x57EC9E8,27682,70203,FBGHAHHLFNM,,,,,,29,STABLE_USAGE_TYPE_XREF,"1 qualifying call/slot-xref observation(s), unanimous usage id for this verified protocol type"
120052,0x57D4248,27685,65670,KIIKIELOHOG,,,,,,64,STABLE_USAGE_TYPE_XREF,"1 qualifying call/slot-xref observation(s), unanimous usage id for this verified protocol type"
74494,0x57F84A0,27725,14386,FPIDAPDPFCJ,,,,,,12,STABLE_USAGE_TYPE_XREF,"1 qualifying call/slot-xref observation(s), unanimous usage id for this verified protocol type"
175043,0x57F84E0,27799,55208,PFGDHPHANKF,,,,,,30,STABLE_USAGE_TYPE_XREF,"1 qualifying call/slot-xref observation(s), unanimous usage id for this verified protocol type"
54208,0x57E6BC0,27808,61648,EDBNJMHBPCP,,,,,,12,STABLE_USAGE_TYPE_XREF,"1 qualifying call/slot-xref observation(s), unanimous usage id for this verified protocol type"
127638,0x57F8538,27862,17032,KAOFKHKOCDC,,,,,,128,STABLE_USAGE_TYPE_XREF,"1 qualifying call/slot-xref observation(s), unanimous usage id for this verified protocol type"
189237,0x57DF220,27896,43601,NMIAOMGKHIM,,,,,,115,STABLE_USAGE_TYPE_XREF,"1 qualifying call/slot-xref observation(s), unanimous usage id for this verified protocol type"
29677,0x57CD060,27900,78093,BJJGNIBFKGB,,,,,,16,STABLE_USAGE_TYPE_XREF,"1 qualifying call/slot-xref observation(s), unanimous usage id for this verified protocol type"
21245,0x57B3FD8,28004,75814,AFHIFNPODHN,,,,,,115,STABLE_USAGE_TYPE_XREF,"1 qualifying call/slot-xref observation(s), unanimous usage id for this verified protocol type"
189150,0x57F85E8,28046,36270,PPOMCKPEBNC,,,,,,12,STABLE_USAGE_TYPE_XREF,"1 qualifying call/slot-xref observation(s), unanimous usage id for this verified protocol type"
66620,0x57F2570,28071,80942,FPGIAELIKEF,,,,,,16,STABLE_USAGE_TYPE_XREF,"1 qualifying call/slot-xref observation(s), unanimous usage id for this verified protocol type"
102922,0x57F1E60,28080,42725,JPMELLNOEPH,,,,,,29,STABLE_USAGE_TYPE_XREF,"1 qualifying call/slot-xref observation(s), unanimous usage id for this verified protocol type"
171060,0x57F8648,28098,61179,POCLALJFMJO,,,,,,115,STABLE_USAGE_TYPE_XREF,"1 qualifying call/slot-xref observation(s), unanimous usage id for this verified protocol type"
30866,0x57CE3E0,28119,22818,BEPGHPBCBPN,,,,,,16,STABLE_USAGE_TYPE_XREF,"1 qualifying call/slot-xref observation(s), unanimous usage id for this verified protocol type"
176799,0x57F8688,28129,36192,POLMCKBNLDF,,,,,,16,STABLE_USAGE_TYPE_XREF,"1 qualifying call/slot-xref observation(s), unanimous usage id for this verified protocol type"
149698,0x57F86D0,28189,41513,OBMDFONOGHN,,,,,,16,STABLE_USAGE_TYPE_XREF,"1 qualifying call/slot-xref observation(s), unanimous usage id for this verified protocol type"
127713,0x57F86F0,28207,69003,LHADHFNIEKL,,,,,,16,STABLE_USAGE_TYPE_XREF,"1 qualifying call/slot-xref observation(s), unanimous usage id for this verified protocol type"
129386,0x57F8718,28234,49952,LJBEPPLKGPC,,,,,,64,STABLE_USAGE_TYPE_XREF,"1 qualifying call/slot-xref observation(s), unanimous usage id for this verified protocol type"
37527,0x57D6270,28272,54168,CHLHKFKEPCH,,,,,,16,STABLE_USAGE_TYPE_XREF,"1 qualifying call/slot-xref observation(s), unanimous usage id for this verified protocol type"
116621,0x57F87C0,28347,69001,KCLEFCNMAJM,,,,,,16,STABLE_USAGE_TYPE_XREF,"1 qualifying call/slot-xref observation(s), unanimous usage id for this verified protocol type"
94522,0x57F8810,28396,71898,JBHOPCDNAPC,,,,,,90,STABLE_USAGE_TYPE_XREF,"1 qualifying call/slot-xref observation(s), unanimous usage id for this verified protocol type"
176400,0x57F8850,28469,25582,NPKCMDOCCHF,,,,,,12,STABLE_USAGE_TYPE_XREF,"1 qualifying call/slot-xref observation(s), unanimous usage id for this verified protocol type"
74276,0x57F8880,28501,51271,GFJPEHEAGGP,,,,,,16,STABLE_USAGE_TYPE_XREF,"1 qualifying call/slot-xref observation(s), unanimous usage id for this verified protocol type"
157884,0x57F8898,28510,28666,OIPGJDLIBHB,,,,,,16,STABLE_USAGE_TYPE_XREF,"1 qualifying call/slot-xref observation(s), unanimous usage id for this verified protocol type"
166940,0x57F8938,28676,63109,NINJBFEHCHB,,,,,,16,STABLE_USAGE_TYPE_XREF,"1 qualifying call/slot-xref observation(s), unanimous usage id for this verified protocol type"
108449,0x57F8A10,28939,58713,LCEKKJDEGIF,,,,,,16,STABLE_USAGE_TYPE_XREF,"1 qualifying call/slot-xref observation(s), unanimous usage id for this verified protocol type"
72725,0x57F8A70,29002,35265,FMIOONJGKBH,,,,,,16,STABLE_USAGE_TYPE_XREF,"1 qualifying call/slot-xref observation(s), unanimous usage id for this verified protocol type"
92052,0x57F8AC0,29049,68413,IGKGCKNHJNE,,,,,,115,STABLE_USAGE_TYPE_XREF,"1 qualifying call/slot-xref observation(s), unanimous usage id for this verified protocol type"
29447,0x57CCAE0,29068,48381,BHLPPPOMCHM,,,,,,16,STABLE_USAGE_TYPE_XREF,"1 qualifying call/slot-xref observation(s), unanimous usage id for this verified protocol type"
185490,0x57DDF40,29072,69083,PEJHJNOLBII,,,,,,16,STABLE_USAGE_TYPE_XREF,"1 qualifying call/slot-xref observation(s), unanimous usage id for this verified protocol type"
78520,0x57F8AF8,29099,71352,GLCIPNBJBJI,,,,,,125,STABLE_USAGE_TYPE_XREF,"1 qualifying call/slot-xref observation(s), unanimous usage id for this verified protocol type"
119811,0x57F8B00,29103,65274,KIFMLHLBJJI,,,,,,16,STABLE_USAGE_TYPE_XREF,"1 qualifying call/slot-xref observation(s), unanimous usage id for this verified protocol type"
161527,0x57F8B80,29173,80686,PGNHICDDEGM,,,,,,16,STABLE_USAGE_TYPE_XREF,"1 qualifying call/slot-xref observation(s), unanimous usage id for this verified protocol type"
160908,0x57F8BC0,29231,16187,PFOFOFAAKJM,,,,,,16,STABLE_USAGE_TYPE_XREF,"1 qualifying call/slot-xref observation(s), unanimous usage id for this verified protocol type"
149617,0x57F8BD8,29245,57368,NIOALGDHODC,,,,,,16,STABLE_USAGE_TYPE_XREF,"1 qualifying call/slot-xref observation(s), unanimous usage id for this verified protocol type"
163389,0x57C5048,29296,13433,OPAIAJADEPO,,,,,,101,STABLE_USAGE_TYPE_XREF,"1 qualifying call/slot-xref observation(s), unanimous usage id for this verified protocol type"
68102,0x57F8C60,29346,31607,FOBAGIBJFOG,,,,,,16,STABLE_USAGE_TYPE_XREF,"1 qualifying call/slot-xref observation(s), unanimous usage id for this verified protocol type"
45402,0x57DE658,29347,55532,DJNCKOJIOOG,,,,,,16,STABLE_USAGE_TYPE_XREF,"1 qualifying call/slot-xref observation(s), unanimous usage id for this verified protocol type"
22880,0x57C52D0,29349,48630,AGHLKECDDIA,,,,,,89,STABLE_USAGE_TYPE_XREF,"1 qualifying call/slot-xref observation(s), unanimous usage id for this verified protocol type"
178657,0x57F8C78,29369,38002,OBNOBCMOFFD,,,,,,117,STABLE_USAGE_TYPE_XREF,"1 qualifying call/slot-xref observation(s), unanimous usage id for this verified protocol type"
70591,0x57F8C88,29381,56719,FEHCLCNOKHB,,,,,,29,STABLE_USAGE_TYPE_XREF,"1 qualifying call/slot-xref observation(s), unanimous usage id for this verified protocol type"
54893,0x57E74E8,29403,27651,DJMDBACGNOH,,,,,,16,STABLE_USAGE_TYPE_XREF,"1 qualifying call/slot-xref observation(s), unanimous usage id for this verified protocol type"
116349,0x57F8CB0,29407,64766,KJKHLLHNNPA,,,,,,16,STABLE_USAGE_TYPE_XREF,"1 qualifying call/slot-xref observation(s), unanimous usage id for this verified protocol type"
65306,0x57F1328,29465,18974,FBBAOEGFEKG,,,,,,16,STABLE_USAGE_TYPE_XREF,"1 qualifying call/slot-xref observation(s), unanimous usage id for this verified protocol type"
64959,0x57F0F00,29512,21293,DLNNCJCJPOB,,,,,,29,STABLE_USAGE_TYPE_XREF,"1 qualifying call/slot-xref observation(s), unanimous usage id for this verified protocol type"
63945,0x57EFFF8,29560,45863,FAMMDJJLBFI,,,,,,16,STABLE_USAGE_TYPE_XREF,"1 qualifying call/slot-xref observation(s), unanimous usage id for this verified protocol type"
80986,0x57F8D90,29588,76149,GLFEAKONECH,,,,,,16,STABLE_USAGE_TYPE_XREF,"1 qualifying call/slot-xref observation(s), unanimous usage id for this verified protocol type"
99797,0x57F8DA0,29598,49615,HNFKJCCBHCM,,,,,,16,STABLE_USAGE_TYPE_XREF,"1 qualifying call/slot-xref observation(s), unanimous usage id for this verified protocol type"
118207,0x57F8DA8,29599,44327,LKLJFDDJNPN,,,,,,16,STABLE_USAGE_TYPE_XREF,"1 qualifying call/slot-xref observation(s), unanimous usage id for this verified protocol type"
164526,0x57F8DD0,29643,27418,KCDPIOIFFGK,,,,,,16,STABLE_USAGE_TYPE_XREF,"1 qualifying call/slot-xref observation(s), unanimous usage id for this verified protocol type"
156734,0x57F8E08,29682,77580,OEJGFDGDICJ,,,,,,16,STABLE_USAGE_TYPE_XREF,"1 qualifying call/slot-xref observation(s), unanimous usage id for this verified protocol type"
93792,0x57C92D0,29707,13752,HPPBLIEHGMH,,,,,,115,STABLE_USAGE_TYPE_XREF,"1 qualifying call/slot-xref observation(s), unanimous usage id for this verified protocol type"
83006,0x57F8E68,29756,45476,IDOJBDCIAAE,,,,,,115,STABLE_USAGE_TYPE_XREF,"1 qualifying call/slot-xref observation(s), unanimous usage id for this verified protocol type"
145419,0x57F8E88,29773,26812,NFBENOFGPMM,,,,,,16,STABLE_USAGE_TYPE_XREF,"1 qualifying call/slot-xref observation(s), unanimous usage id for this verified protocol type"
66719,0x57F2740,29811,12295,EAOBAHDKKIL,,,,,,16,STABLE_USAGE_TYPE_XREF,"1 qualifying call/slot-xref observation(s), unanimous usage id for this verified protocol type"
158767,0x57F8F08,29904,85702,NEHBIICNOHP,,,,,,16,STABLE_USAGE_TYPE_XREF,"1 qualifying call/slot-xref observation(s), unanimous usage id for this verified protocol type"
166321,0x57F8F18,29907,63512,NCADKGFANNB,,,,,,12,STABLE_USAGE_TYPE_XREF,"1 qualifying call/slot-xref observation(s), unanimous usage id for this verified protocol type"
178011,0x57F8F20,29921,59508,OFCHFGGIJKC,,,,,,126,STABLE_USAGE_TYPE_XREF,"1 qualifying call/slot-xref observation(s), unanimous usage id for this verified protocol type"
83750,0x57F8F30,29928,43543,HAFJALLIIFF,,,,,,16,STABLE_USAGE_TYPE_XREF,"1 qualifying call/slot-xref observation(s), unanimous usage id for this verified protocol type"
60368,0x57ED418,29947,80721,DDCGHMCEIMO,,,,,,115,STABLE_USAGE_TYPE_XREF,"1 qualifying call/slot-xref observation(s), unanimous usage id for this verified protocol type"
95595,0x57F8F60,29986,17327,JDMCIPMNFKP,,,,,,16,STABLE_USAGE_TYPE_XREF,"1 qualifying call/slot-xref observation(s), unanimous usage id for this verified protocol type"
73012,0x57F8F80,30175,48687,HBIDKLKIBKD,,,,,,12,STABLE_USAGE_TYPE_XREF,"1 qualifying call/slot-xref observation(s), unanimous usage id for this verified protocol type"
58108,0x57EB460,31522,23110,FDPMMAOFAKJ,,,,,,12,STABLE_USAGE_TYPE_XREF,"1 qualifying call/slot-xref observation(s), unanimous usage id for this verified protocol type"
120113,0x57F8F98,31706,14377,KGFKCMBHCII,,,,,,16,STABLE_USAGE_TYPE_XREF,"1 qualifying call/slot-xref observation(s), unanimous usage id for this verified protocol type"
106785,0x57F8FC8,33359,55904,JHKONJHDFPB,,,,,,12,STABLE_USAGE_TYPE_XREF,"1 qualifying call/slot-xref observation(s), unanimous usage id for this verified protocol type"
179797,0x57F8FD0,33404,29348,OLPFPJEHJLN,,,,,,29,STABLE_USAGE_TYPE_XREF,"1 qualifying call/slot-xref observation(s), unanimous usage id for this verified protocol type"
31449,0x57CEF50,33626,39889,BLGBNJKBPLO,,,,,,12,STABLE_USAGE_TYPE_XREF,"1 qualifying call/slot-xref observation(s), unanimous usage id for this verified protocol type"
31026,0x57CE868,34409,49983,BONGNKCEMOP,,,,,,12,STABLE_USAGE_TYPE_XREF,"1 qualifying call/slot-xref observation(s), unanimous usage id for this verified protocol type"
89278,0x57F8FF0,34583,22892,GIMBNLDPDPD,,,,,,29,STABLE_USAGE_TYPE_XREF,"1 qualifying call/slot-xref observation(s), unanimous usage id for this verified protocol type"
191695,0x57F8FF8,34833,50966,PNJKANPMDEC,,,,,,12,STABLE_USAGE_TYPE_XREF,"1 qualifying call/slot-xref observation(s), unanimous usage id for this verified protocol type"
169103,0x57F9000,35239,37551,NLLIKPPLBGM,,,,,,12,STABLE_USAGE_TYPE_XREF,"1 qualifying call/slot-xref observation(s), unanimous usage id for this verified protocol type"
113364,0x57F9010,35389,42073,JLAPMDMEACB,,,,,,12,STABLE_USAGE_TYPE_XREF,"1 qualifying call/slot-xref observation(s), unanimous usage id for this verified protocol type"
180089,0x57F9078,36367,60585,MPCJDFFFJPH,,,,,,16,STABLE_USAGE_TYPE_XREF,"1 qualifying call/slot-xref observation(s), unanimous usage id for this verified protocol type"
123986,0x57F90A0,37043,35955,LBBPOPKFMNO,,,,,,16,STABLE_USAGE_TYPE_XREF,"1 qualifying call/slot-xref observation(s), unanimous usage id for this verified protocol type"
61122,0x57EDF08,38853,24289,EPLAKGKCHCE,,,,,,12,STABLE_USAGE_TYPE_XREF,"1 qualifying call/slot-xref observation(s), unanimous usage id for this verified protocol type"
